00:01:15 - INF - get - ('Servicio de consulta de usuarios ejecutándose',)
00:01:15 - INF - token_validate - ('El token ha expirado.',)
00:01:15 - INF - get - ('Servicio de consulta de usuarios ejecutándose',)
00:01:15 - INF - token_validate - ('El token ha expirado.',)
00:01:16 - INF - get - ('Servicio para listar recursos ejecutándose',)
00:01:16 - INF - get - ('Servicio para listar recursos ejecutándose',)
00:03:23 - INF - get - ('Servicio de vista de todas las publicaciones ejecutándose',)
00:03:23 - INF - get - ('Servicio de vista de todas las publicaciones ejecutándose',)
00:03:26 - INF - get - ('Servicio para listar recursos ejecutándose',)
00:03:26 - INF - get - ('Servicio para listar recursos ejecutándose',)
00:04:41 - INF - get - ('Servicio de vista de todas las publicaciones ejecutándose',)
00:04:41 - INF - get - ('Servicio de vista de todas las publicaciones ejecutándose',)
00:04:48 - INF - get - ('Servicio para listar recursos ejecutándose',)
00:04:48 - INF - get - ('Servicio para listar recursos ejecutándose',)
00:06:30 - INF - get - ('Servicio de vista de todas las publicaciones ejecutándose',)
00:06:30 - INF - get - ('Servicio de vista de todas las publicaciones ejecutándose',)
00:06:45 - INF - get - ('Servicio para listar recursos ejecutándose',)
00:06:45 - INF - get - ('Servicio para listar recursos ejecutándose',)
00:08:06 - INF - get - ('Servicio de vista de todas las publicaciones ejecutándose',)
00:08:06 - INF - get - ('Servicio de vista de todas las publicaciones ejecutándose',)
00:08:07 - INF - get - ('Servicio para listar recursos ejecutándose',)
00:08:07 - INF - get - ('Servicio para listar recursos ejecutándose',)
00:09:08 - INF - get - ('Servicio de vista de todas las publicaciones ejecutándose',)
00:09:08 - INF - get - ('Servicio de vista de todas las publicaciones ejecutándose',)
00:09:29 - INF - get - ('Servicio para listar recursos ejecutándose',)
00:09:29 - INF - get - ('Servicio para listar recursos ejecutándose',)
00:09:30 - INF - get - ('Servicio de vista de todas las publicaciones ejecutándose',)
00:09:30 - INF - get - ('Servicio de vista de todas las publicaciones ejecutándose',)
00:09:44 - INF - get - ('Servicio de consulta de usuarios ejecutándose',)
00:09:44 - INF - token_validate - ('El token ha expirado.',)
00:09:44 - INF - get - ('Servicio de consulta de usuarios ejecutándose',)
00:09:44 - INF - token_validate - ('El token ha expirado.',)
00:09:46 - INF - get - ('Servicio para listar recursos ejecutándose',)
00:09:46 - INF - get - ('Servicio para listar recursos ejecutándose',)
00:11:30 - INF - post - ('Servicio para creación de recursos ejecutándose',)
00:11:30 - INF - decode_token - ('El token ha expirado.',)
00:11:56 - INF - post - ('Servicio de login ejecutandose',)
00:11:56 - INF - get - ('Servicio para listar recursos ejecutándose',)
00:11:56 - INF - get - ('Servicio para listar recursos ejecutándose',)
00:17:01 - INF - get - ('Servicio de vista de todas las publicaciones ejecutándose',)
00:17:01 - INF - get - ('Servicio de vista de todas las publicaciones ejecutándose',)
00:17:06 - INF - get - ('Servicio de consulta de usuarios ejecutándose',)
00:17:06 - INF - get - ('Servicio de consulta de usuarios ejecutándose',)
00:17:08 - INF - get - ('Servicio para listar recursos ejecutándose',)
00:17:08 - INF - get - ('Servicio para listar recursos ejecutándose',)
00:20:01 - INF - get - ('Servicio de vista de todas las publicaciones ejecutándose',)
00:20:01 - INF - get - ('Servicio de vista de todas las publicaciones ejecutándose',)
00:20:04 - INF - get - ('Servicio para listar recursos ejecutándose',)
00:20:04 - INF - get - ('Servicio para listar recursos ejecutándose',)
00:20:16 - INF - get - ('Servicio de vista de todas las publicaciones ejecutándose',)
00:20:16 - INF - get - ('Servicio de vista de todas las publicaciones ejecutándose',)
00:21:31 - INF - post - ('Servicio de login ejecutandose',)
00:21:31 - INF - get - ('Servicio de vista de todas las publicaciones ejecutándose',)
00:21:31 - INF - get - ('Servicio de vista de todas las publicaciones ejecutándose',)
00:21:33 - INF - get - ('Servicio para listar recursos ejecutándose',)
00:21:33 - INF - get - ('Servicio para listar recursos ejecutándose',)
00:21:36 - INF - get - ('Servicio de consulta de usuarios ejecutándose',)
00:21:36 - INF - get - ('Servicio de consulta de usuarios ejecutándose',)
00:21:51 - INF - get - ('Servicio para listar recursos ejecutándose',)
00:21:51 - INF - get - ('Servicio para listar recursos ejecutándose',)
00:22:06 - INF - get - ('Servicio de consulta de usuarios ejecutándose',)
00:22:06 - INF - get - ('Servicio de consulta de usuarios ejecutándose',)
00:23:04 - INF - get - ('Servicio para listar recursos ejecutándose',)
00:23:04 - INF - get - ('Servicio para listar recursos ejecutándose',)
00:24:01 - INF - get - ('Servicio de consulta de usuarios ejecutándose',)
00:24:01 - INF - get - ('Servicio de consulta de usuarios ejecutándose',)
00:24:09 - INF - get - ('Servicio para listar recursos ejecutándose',)
00:24:09 - INF - get - ('Servicio para listar recursos ejecutándose',)
00:24:19 - INF - get - ('Servicio de vista de todas las publicaciones ejecutándose',)
00:24:19 - INF - get - ('Servicio de vista de todas las publicaciones ejecutándose',)
00:24:22 - INF - get - ('Servicio para listar recursos ejecutándose',)
00:24:22 - INF - get - ('Servicio para listar recursos ejecutándose',)
00:24:23 - INF - get - ('Servicio de vista de todas las publicaciones ejecutándose',)
00:24:23 - INF - get - ('Servicio de vista de todas las publicaciones ejecutándose',)
00:24:24 - INF - get - ('Servicio para listar recursos ejecutándose',)
00:24:25 - INF - get - ('Servicio para listar recursos ejecutándose',)
00:24:39 - INF - get - ('Servicio de vista de todas las publicaciones ejecutándose',)
00:24:39 - INF - get - ('Servicio de vista de todas las publicaciones ejecutándose',)
00:24:40 - INF - get - ('Servicio para listar recursos ejecutándose',)
00:24:41 - INF - get - ('Servicio para listar recursos ejecutándose',)
00:24:43 - INF - get - ('Servicio de consulta de usuarios ejecutándose',)
00:24:43 - INF - get - ('Servicio de consulta de usuarios ejecutándose',)
00:24:45 - INF - get - ('Servicio para listar recursos ejecutándose',)
00:24:45 - INF - get - ('Servicio para listar recursos ejecutándose',)
00:29:15 - INF - post - ('Servicio de login ejecutandose',)
00:29:15 - INF - get - ('Servicio para listar recursos ejecutándose',)
00:29:15 - INF - get - ('Servicio para listar recursos ejecutándose',)
00:29:16 - INF - get - ('Servicio de consulta de usuarios ejecutándose',)
00:29:16 - INF - get - ('Servicio de consulta de usuarios ejecutándose',)
00:29:17 - INF - get - ('Servicio para listar recursos ejecutándose',)
00:29:17 - INF - get - ('Servicio para listar recursos ejecutándose',)
00:30:16 - INF - get - ('Servicio de vista de todas las publicaciones ejecutándose',)
00:30:16 - INF - get - ('Servicio de vista de todas las publicaciones ejecutándose',)
00:30:18 - INF - get - ('Servicio para listar recursos ejecutándose',)
00:30:19 - INF - get - ('Servicio para listar recursos ejecutándose',)
00:30:29 - INF - get - ('Servicio de vista de todas las publicaciones ejecutándose',)
00:30:29 - INF - get - ('Servicio de vista de todas las publicaciones ejecutándose',)
00:30:32 - INF - get - ('Servicio para listar recursos ejecutándose',)
00:30:32 - INF - get - ('Servicio para listar recursos ejecutándose',)
00:30:34 - INF - get - ('Servicio de consulta de usuarios ejecutándose',)
00:30:34 - INF - get - ('Servicio de consulta de usuarios ejecutándose',)
00:30:35 - INF - get - ('Servicio de vista de todas las publicaciones ejecutándose',)
00:30:35 - INF - get - ('Servicio de vista de todas las publicaciones ejecutándose',)
00:31:16 - INF - get - ('Servicio de vista de todas las publicaciones ejecutándose',)
00:31:16 - INF - get - ('Servicio de vista de todas las publicaciones ejecutándose',)
00:31:22 - INF - get - ('Servicio para listar recursos ejecutándose',)
00:31:23 - INF - get - ('Servicio para listar recursos ejecutándose',)
00:31:25 - INF - get - ('Servicio de vista de todas las publicaciones ejecutándose',)
00:31:25 - INF - get - ('Servicio de vista de todas las publicaciones ejecutándose',)
00:31:53 - INF - get - ('Servicio para listar recursos ejecutándose',)
00:31:53 - INF - get - ('Servicio para listar recursos ejecutándose',)
00:32:20 - INF - get - ('Servicio de vista de todas las publicaciones ejecutándose',)
00:32:20 - INF - get - ('Servicio de vista de todas las publicaciones ejecutándose',)
00:32:24 - INF - get - ('Servicio para listar recursos ejecutándose',)
00:32:24 - INF - get - ('Servicio para listar recursos ejecutándose',)
00:35:55 - INF - get - ('Servicio de vista de todas las publicaciones ejecutándose',)
00:35:55 - INF - get - ('Servicio de vista de todas las publicaciones ejecutándose',)
00:36:55 - INF - get - ('Servicio para listar recursos ejecutándose',)
00:36:55 - INF - get - ('Servicio para listar recursos ejecutándose',)
00:43:13 - INF - get - ('Servicio de vista de todas las publicaciones ejecutándose',)
00:43:13 - INF - get - ('Servicio de vista de todas las publicaciones ejecutándose',)
00:47:14 - INF - get - ('Servicio de vista de todas las publicaciones ejecutándose',)
00:47:25 - INF - get - ('Servicio de vista de todas las publicaciones ejecutándose',)
00:47:55 - INF - get - ('Servicio de vista de todas las publicaciones ejecutándose',)
00:48:38 - INF - get - ('Servicio de vista de todas las publicaciones ejecutándose',)
00:48:40 - INF - get - ('Servicio de vista de todas las publicaciones ejecutándose',)
00:49:01 - INF - get - ('Servicio para listar recursos ejecutándose',)
00:49:01 - INF - get - ('Servicio para listar recursos ejecutándose',)
00:49:02 - INF - get - ('Servicio de vista de todas las publicaciones ejecutándose',)
00:49:02 - INF - get - ('Servicio de vista de todas las publicaciones ejecutándose',)
00:49:25 - INF - get - ('Servicio para listar recursos ejecutándose',)
00:49:25 - INF - get - ('Servicio para listar recursos ejecutándose',)
00:49:26 - INF - get - ('Servicio de vista de todas las publicaciones ejecutándose',)
00:49:26 - INF - get - ('Servicio de vista de todas las publicaciones ejecutándose',)
00:49:27 - INF - get - ('Servicio para listar recursos ejecutándose',)
00:49:28 - INF - get - ('Servicio para listar recursos ejecutándose',)
00:49:28 - INF - get - ('Servicio de consulta de usuarios ejecutándose',)
00:49:28 - INF - token_validate - ('El token ha expirado.',)
00:49:28 - INF - get - ('Servicio de consulta de usuarios ejecutándose',)
00:49:28 - INF - token_validate - ('El token ha expirado.',)
00:49:29 - INF - get - ('Servicio para listar recursos ejecutándose',)
00:49:29 - INF - get - ('Servicio para listar recursos ejecutándose',)
00:49:38 - INF - get - ('Servicio de consulta de usuarios ejecutándose',)
00:49:38 - INF - token_validate - ('El token ha expirado.',)
00:49:38 - INF - get - ('Servicio de consulta de usuarios ejecutándose',)
00:49:38 - INF - token_validate - ('El token ha expirado.',)
00:49:39 - INF - get - ('Servicio de vista de todas las publicaciones ejecutándose',)
00:49:39 - INF - get - ('Servicio de vista de todas las publicaciones ejecutándose',)
00:54:28 - INF - get - ('Servicio de vista de todas las publicaciones ejecutándose',)
00:54:28 - INF - get - ('Servicio de vista de todas las publicaciones ejecutándose',)
00:55:03 - INF - get - ('Servicio para listar recursos ejecutándose',)
00:55:03 - INF - get - ('Servicio para listar recursos ejecutándose',)
00:55:04 - INF - get - ('Servicio de vista de todas las publicaciones ejecutándose',)
00:55:04 - INF - get - ('Servicio de vista de todas las publicaciones ejecutándose',)
00:55:05 - INF - get - ('Servicio para listar recursos ejecutándose',)
00:55:05 - INF - get - ('Servicio para listar recursos ejecutándose',)
00:55:06 - INF - get - ('Servicio de vista de todas las publicaciones ejecutándose',)
00:55:06 - INF - get - ('Servicio de vista de todas las publicaciones ejecutándose',)
00:55:17 - INF - get - ('Servicio para listar recursos ejecutándose',)
00:55:18 - INF - get - ('Servicio para listar recursos ejecutándose',)
00:55:18 - INF - get - ('Servicio de vista de todas las publicaciones ejecutándose',)
00:55:18 - INF - get - ('Servicio de vista de todas las publicaciones ejecutándose',)
00:55:19 - INF - get - ('Servicio para listar recursos ejecutándose',)
00:55:19 - INF - get - ('Servicio para listar recursos ejecutándose',)
00:55:20 - INF - get - ('Servicio de vista de todas las publicaciones ejecutándose',)
00:55:20 - INF - get - ('Servicio de vista de todas las publicaciones ejecutándose',)
00:55:23 - INF - get - ('Servicio de consulta de usuarios ejecutándose',)
00:55:23 - INF - token_validate - ('El token ha expirado.',)
00:55:23 - INF - get - ('Servicio de consulta de usuarios ejecutándose',)
00:55:23 - INF - token_validate - ('El token ha expirado.',)
00:55:25 - INF - get - ('Servicio de vista de todas las publicaciones ejecutándose',)
00:55:25 - INF - get - ('Servicio de vista de todas las publicaciones ejecutándose',)
00:56:10 - INF - get - ('Servicio de vista de todas las publicaciones ejecutándose',)
00:56:16 - INF - get - ('Servicio para listar recursos ejecutándose',)
00:56:16 - INF - get - ('Servicio para listar recursos ejecutándose',)
00:56:17 - INF - get - ('Servicio de vista de todas las publicaciones ejecutándose',)
00:56:17 - INF - get - ('Servicio de vista de todas las publicaciones ejecutándose',)
00:56:18 - INF - get - ('Servicio para listar recursos ejecutándose',)
00:56:18 - INF - get - ('Servicio para listar recursos ejecutándose',)
00:56:20 - INF - get - ('Servicio de consulta de usuarios ejecutándose',)
00:56:20 - INF - token_validate - ('El token ha expirado.',)
00:56:20 - INF - get - ('Servicio de consulta de usuarios ejecutándose',)
00:56:20 - INF - token_validate - ('El token ha expirado.',)
00:56:21 - INF - get - ('Servicio para listar recursos ejecutándose',)
00:56:21 - INF - get - ('Servicio para listar recursos ejecutándose',)
00:56:22 - INF - get - ('Servicio de vista de todas las publicaciones ejecutándose',)
00:56:22 - INF - get - ('Servicio de vista de todas las publicaciones ejecutándose',)
00:58:01 - INF - get - ('Servicio de vista de todas las publicaciones ejecutándose',)
00:58:27 - INF - get - ('Servicio de vista de todas las publicaciones ejecutándose',)
00:59:08 - INF - get - ('Servicio de vista de todas las publicaciones ejecutándose',)
00:59:28 - INF - get - ('Servicio para listar recursos ejecutándose',)
00:59:28 - INF - get - ('Servicio para listar recursos ejecutándose',)
00:59:32 - INF - get - ('Servicio de vista de todas las publicaciones ejecutándose',)
00:59:32 - INF - get - ('Servicio de vista de todas las publicaciones ejecutándose',)
00:59:34 - INF - get - ('Servicio para listar recursos ejecutándose',)
00:59:34 - INF - get - ('Servicio para listar recursos ejecutándose',)
00:59:34 - INF - get - ('Servicio de vista de todas las publicaciones ejecutándose',)
00:59:35 - INF - get - ('Servicio de vista de todas las publicaciones ejecutándose',)
00:59:35 - INF - get - ('Servicio para listar recursos ejecutándose',)
00:59:35 - INF - get - ('Servicio para listar recursos ejecutándose',)
00:59:39 - INF - get - ('Servicio de vista de todas las publicaciones ejecutándose',)
00:59:39 - INF - get - ('Servicio de vista de todas las publicaciones ejecutándose',)
00:59:40 - INF - get - ('Servicio para listar recursos ejecutándose',)
00:59:40 - INF - get - ('Servicio para listar recursos ejecutándose',)
00:59:41 - INF - get - ('Servicio de vista de todas las publicaciones ejecutándose',)
00:59:41 - INF - get - ('Servicio de vista de todas las publicaciones ejecutándose',)
01:01:42 - INF - get - ('Servicio de vista de todas las publicaciones ejecutándose',)
01:01:43 - INF - get - ('Servicio de vista de todas las publicaciones ejecutándose',)
01:01:45 - INF - get - ('Servicio de vista de todas las publicaciones ejecutándose',)
01:01:45 - INF - get - ('Servicio de vista de todas las publicaciones ejecutándose',)
01:02:00 - INF - get - ('Servicio para listar recursos ejecutándose',)
01:02:01 - INF - get - ('Servicio para listar recursos ejecutándose',)
01:02:02 - INF - get - ('Servicio de vista de todas las publicaciones ejecutándose',)
01:02:02 - INF - get - ('Servicio de vista de todas las publicaciones ejecutándose',)
01:02:18 - INF - get - ('Servicio para listar recursos ejecutándose',)
01:02:18 - INF - get - ('Servicio para listar recursos ejecutándose',)
01:02:19 - INF - get - ('Servicio de vista de todas las publicaciones ejecutándose',)
01:02:19 - INF - get - ('Servicio de vista de todas las publicaciones ejecutándose',)
01:02:33 - INF - get - ('Servicio para listar recursos ejecutándose',)
01:02:33 - INF - get - ('Servicio para listar recursos ejecutándose',)
01:02:37 - INF - get - ('Servicio de vista de todas las publicaciones ejecutándose',)
01:02:37 - INF - get - ('Servicio de vista de todas las publicaciones ejecutándose',)
01:02:50 - INF - get - ('Servicio para listar recursos ejecutándose',)
01:02:50 - INF - get - ('Servicio para listar recursos ejecutándose',)
01:02:51 - INF - get - ('Servicio de vista de todas las publicaciones ejecutándose',)
01:02:51 - INF - get - ('Servicio de vista de todas las publicaciones ejecutándose',)
01:02:53 - INF - get - ('Servicio de vista de todas las publicaciones ejecutándose',)
01:02:53 - INF - get - ('Servicio de vista de todas las publicaciones ejecutándose',)
01:03:22 - INF - get - ('Servicio para listar recursos ejecutándose',)
01:03:22 - INF - get - ('Servicio para listar recursos ejecutándose',)
01:03:29 - INF - get - ('Servicio de vista de todas las publicaciones ejecutándose',)
01:03:29 - INF - get - ('Servicio de vista de todas las publicaciones ejecutándose',)
01:03:35 - INF - get - ('Servicio para listar recursos ejecutándose',)
01:03:35 - INF - get - ('Servicio para listar recursos ejecutándose',)
01:03:55 - INF - get - ('Servicio de consulta de usuarios ejecutándose',)
01:03:55 - INF - token_validate - ('El token ha expirado.',)
01:03:55 - INF - get - ('Servicio de consulta de usuarios ejecutándose',)
01:03:55 - INF - token_validate - ('El token ha expirado.',)
01:03:58 - INF - get - ('Servicio de vista de todas las publicaciones ejecutándose',)
01:03:58 - INF - get - ('Servicio de vista de todas las publicaciones ejecutándose',)
01:04:05 - INF - get - ('Servicio de vista de todas las publicaciones ejecutándose',)
01:04:05 - INF - get - ('Servicio de vista de todas las publicaciones ejecutándose',)
01:05:01 - INF - get - ('Servicio para listar recursos ejecutándose',)
01:05:01 - INF - get - ('Servicio para listar recursos ejecutándose',)
01:05:33 - INF - get - ('Servicio de vista de todas las publicaciones ejecutándose',)
01:05:33 - INF - get - ('Servicio de vista de todas las publicaciones ejecutándose',)
01:06:14 - INF - get - ('Servicio de vista de todas las publicaciones ejecutándose',)
01:06:16 - INF - get - ('Servicio de vista de todas las publicaciones ejecutándose',)
01:06:26 - INF - get - ('Servicio de vista de todas las publicaciones ejecutándose',)
01:07:52 - INF - get - ('Servicio de vista de todas las publicaciones ejecutándose',)
01:07:52 - INF - get - ('Servicio de vista de todas las publicaciones ejecutándose',)
01:07:57 - INF - get - ('Servicio de vista de todas las publicaciones ejecutándose',)
01:07:57 - INF - get - ('Servicio de vista de todas las publicaciones ejecutándose',)
01:08:04 - INF - get - ('Servicio de vista de todas las publicaciones ejecutándose',)
01:08:04 - INF - get - ('Servicio de vista de todas las publicaciones ejecutándose',)
01:08:14 - INF - get - ('Servicio de vista de todas las publicaciones ejecutándose',)
01:08:14 - INF - get - ('Servicio de vista de todas las publicaciones ejecutándose',)
01:08:25 - INF - post - ('Servicio de login ejecutandose',)
01:08:25 - INF - get - ('Servicio de vista de todas las publicaciones ejecutándose',)
01:08:25 - INF - get - ('Servicio de vista de todas las publicaciones ejecutándose',)
01:08:28 - INF - get - ('Servicio de vista de todas las publicaciones ejecutándose',)
01:08:28 - INF - get - ('Servicio de vista de todas las publicaciones ejecutándose',)
01:08:30 - INF - get - ('Servicio de vista de todas las publicaciones ejecutándose',)
01:08:30 - INF - get - ('Servicio de vista de todas las publicaciones ejecutándose',)
01:08:30 - INF - get - ('Servicio de vista de todas las publicaciones ejecutándose',)
01:08:30 - INF - get - ('Servicio de vista de todas las publicaciones ejecutándose',)
01:08:31 - INF - get - ('Servicio de vista de todas las publicaciones ejecutándose',)
01:08:31 - INF - get - ('Servicio de vista de todas las publicaciones ejecutándose',)
01:08:33 - INF - get - ('Servicio para listar recursos ejecutándose',)
01:08:33 - INF - get - ('Servicio para listar recursos ejecutándose',)
01:08:38 - INF - get - ('Servicio de vista de todas las publicaciones ejecutándose',)
01:08:39 - INF - get - ('Servicio de vista de todas las publicaciones ejecutándose',)
01:09:16 - INF - get - ('Servicio para listar recursos ejecutándose',)
01:09:16 - INF - get - ('Servicio para listar recursos ejecutándose',)
01:09:18 - INF - get - ('Servicio de consulta de usuarios ejecutándose',)
01:09:18 - INF - get - ('Servicio de consulta de usuarios ejecutándose',)
01:09:24 - INF - get - ('Servicio para listar recursos ejecutándose',)
01:09:24 - INF - get - ('Servicio para listar recursos ejecutándose',)
01:09:25 - INF - get - ('Servicio de vista de todas las publicaciones ejecutándose',)
01:09:25 - INF - get - ('Servicio de vista de todas las publicaciones ejecutándose',)
01:09:25 - INF - get - ('Servicio para listar recursos ejecutándose',)
01:09:25 - INF - get - ('Servicio para listar recursos ejecutándose',)
01:09:26 - INF - get - ('Servicio de consulta de usuarios ejecutándose',)
01:09:26 - INF - get - ('Servicio de consulta de usuarios ejecutándose',)
01:09:28 - INF - get - ('Servicio de consulta de usuarios ejecutándose',)
01:09:28 - INF - get - ('Servicio de consulta de usuarios ejecutándose',)
01:09:31 - INF - get - ('Servicio de vista de todas las publicaciones ejecutándose',)
01:09:31 - INF - get - ('Servicio de vista de todas las publicaciones ejecutándose',)
01:09:40 - INF - post - ('Servicio de login ejecutandose',)
01:09:40 - INF - get - ('Servicio de vista de todas las publicaciones ejecutándose',)
01:09:40 - INF - get - ('Servicio de vista de todas las publicaciones ejecutándose',)
01:09:43 - INF - get - ('Servicio de vista de todas las publicaciones ejecutándose',)
01:09:43 - INF - get - ('Servicio de vista de todas las publicaciones ejecutándose',)
01:09:58 - INF - post - ('Servicio de login ejecutandose',)
01:09:58 - INF - get - ('Servicio de vista de todas las publicaciones ejecutándose',)
01:09:58 - INF - get - ('Servicio de vista de todas las publicaciones ejecutándose',)
01:09:59 - INF - get - ('Servicio para listar recursos ejecutándose',)
01:09:59 - INF - get - ('Servicio para listar recursos ejecutándose',)
01:10:05 - INF - get - ('Servicio de consulta de usuarios ejecutándose',)
01:10:05 - INF - get - ('Servicio de consulta de usuarios ejecutándose',)
01:10:06 - INF - get - ('Servicio para listar recursos ejecutándose',)
01:10:06 - INF - get - ('Servicio para listar recursos ejecutándose',)
01:10:09 - INF - get - ('Servicio de vista de todas las publicaciones ejecutándose',)
01:10:09 - INF - get - ('Servicio de vista de todas las publicaciones ejecutándose',)
01:10:13 - INF - get - ('Servicio para listar recursos ejecutándose',)
01:10:13 - INF - get - ('Servicio para listar recursos ejecutándose',)
01:10:14 - INF - get - ('Servicio de consulta de usuarios ejecutándose',)
01:10:14 - INF - get - ('Servicio de consulta de usuarios ejecutándose',)
01:10:15 - INF - get - ('Servicio de vista de todas las publicaciones ejecutándose',)
01:10:15 - INF - get - ('Servicio de vista de todas las publicaciones ejecutándose',)
01:10:41 - INF - get - ('Servicio de vista de todas las publicaciones ejecutándose',)
01:10:41 - INF - get - ('Servicio de vista de todas las publicaciones ejecutándose',)
01:19:18 - INF - post - ('Servicio de login ejecutandose',)
01:19:18 - INF - get - ('Servicio de vista de todas las publicaciones ejecutándose',)
01:19:18 - INF - get - ('Servicio de vista de todas las publicaciones ejecutándose',)
01:19:26 - INF - get - ('Servicio para listar recursos ejecutándose',)
01:19:26 - INF - get - ('Servicio para listar recursos ejecutándose',)
01:19:31 - INF - get - ('Servicio de consulta de usuarios ejecutándose',)
01:19:31 - INF - get - ('Servicio de consulta de usuarios ejecutándose',)
01:19:33 - INF - get - ('Servicio de vista de todas las publicaciones ejecutándose',)
01:19:33 - INF - get - ('Servicio de vista de todas las publicaciones ejecutándose',)
01:19:36 - INF - get - ('Servicio de consulta de usuarios ejecutándose',)
01:19:36 - INF - get - ('Servicio de consulta de usuarios ejecutándose',)
01:19:42 - INF - get - ('Servicio para listar recursos ejecutándose',)
01:19:42 - INF - get - ('Servicio para listar recursos ejecutándose',)
01:19:43 - INF - get - ('Servicio de vista de todas las publicaciones ejecutándose',)
01:19:43 - INF - get - ('Servicio de vista de todas las publicaciones ejecutándose',)
01:19:44 - INF - get - ('Servicio para listar recursos ejecutándose',)
01:19:44 - INF - get - ('Servicio para listar recursos ejecutándose',)
01:19:45 - INF - get - ('Servicio de consulta de usuarios ejecutándose',)
01:19:45 - INF - get - ('Servicio de consulta de usuarios ejecutándose',)
01:19:47 - INF - get - ('Servicio de vista de todas las publicaciones ejecutándose',)
01:19:47 - INF - get - ('Servicio de vista de todas las publicaciones ejecutándose',)
01:19:49 - INF - get - ('Servicio de consulta de usuarios ejecutándose',)
01:19:49 - INF - get - ('Servicio de consulta de usuarios ejecutándose',)
01:19:56 - INF - get - ('Servicio de vista de todas las publicaciones ejecutándose',)
01:19:56 - INF - get - ('Servicio de vista de todas las publicaciones ejecutándose',)
01:19:57 - INF - get - ('Servicio para listar recursos ejecutándose',)
01:19:57 - INF - get - ('Servicio para listar recursos ejecutándose',)
01:19:58 - INF - get - ('Servicio de vista de todas las publicaciones ejecutándose',)
01:19:58 - INF - get - ('Servicio de vista de todas las publicaciones ejecutándose',)
01:20:01 - INF - get - ('Servicio para listar recursos ejecutándose',)
01:20:02 - INF - get - ('Servicio para listar recursos ejecutándose',)
01:20:02 - INF - get - ('Servicio de vista de todas las publicaciones ejecutándose',)
01:20:02 - INF - get - ('Servicio de vista de todas las publicaciones ejecutándose',)
01:20:03 - INF - get - ('Servicio para listar recursos ejecutándose',)
01:20:03 - INF - get - ('Servicio para listar recursos ejecutándose',)
01:20:04 - INF - get - ('Servicio de consulta de usuarios ejecutándose',)
01:20:04 - INF - get - ('Servicio de consulta de usuarios ejecutándose',)
01:20:05 - INF - get - ('Servicio para listar recursos ejecutándose',)
01:20:05 - INF - get - ('Servicio para listar recursos ejecutándose',)
01:20:06 - INF - get - ('Servicio de vista de todas las publicaciones ejecutándose',)
01:20:06 - INF - get - ('Servicio de vista de todas las publicaciones ejecutándose',)
01:20:06 - INF - get - ('Servicio para listar recursos ejecutándose',)
01:20:06 - INF - get - ('Servicio para listar recursos ejecutándose',)
01:20:07 - INF - get - ('Servicio de consulta de usuarios ejecutándose',)
01:20:07 - INF - get - ('Servicio de consulta de usuarios ejecutándose',)
01:20:12 - INF - get - ('Servicio para listar recursos ejecutándose',)
01:20:12 - INF - get - ('Servicio para listar recursos ejecutándose',)
01:20:12 - INF - get - ('Servicio de consulta de usuarios ejecutándose',)
01:20:13 - INF - get - ('Servicio de consulta de usuarios ejecutándose',)
01:24:49 - INF - get - ('Servicio de vista de todas las publicaciones ejecutándose',)
01:24:49 - INF - get - ('Servicio de vista de todas las publicaciones ejecutándose',)
01:24:51 - INF - get - ('Servicio de vista de todas las publicaciones ejecutándose',)
01:24:51 - INF - get - ('Servicio de vista de todas las publicaciones ejecutándose',)
01:25:04 - INF - post - ('Servicio de login ejecutandose',)
01:25:04 - INF - get - ('Servicio de vista de todas las publicaciones ejecutándose',)
01:25:04 - INF - get - ('Servicio de vista de todas las publicaciones ejecutándose',)
01:25:13 - INF - get - ('Servicio de consulta de usuarios ejecutándose',)
01:25:14 - INF - get - ('Servicio de consulta de usuarios ejecutándose',)
01:27:01 - INF - get - ('Servicio de vista de todas las publicaciones ejecutándose',)
01:27:01 - INF - get - ('Servicio de vista de todas las publicaciones ejecutándose',)
01:27:01 - INF - get - ('Servicio de vista de todas las publicaciones ejecutándose',)
01:27:01 - INF - get - ('Servicio de vista de todas las publicaciones ejecutándose',)
01:27:04 - INF - get - ('Servicio de consulta de usuarios ejecutándose',)
01:27:04 - INF - get - ('Servicio de consulta de usuarios ejecutándose',)
01:27:12 - INF - post - ('Servicio de login ejecutandose',)
01:27:12 - INF - get - ('Servicio de consulta de usuarios ejecutándose',)
01:27:12 - INF - get - ('Servicio de consulta de usuarios ejecutándose',)
01:27:14 - INF - get - ('Servicio de visualización de conversación ejecutándose',)
01:27:14 - INF - get - ('Servicio de visualización de conversación ejecutándose',)
01:27:18 - INF - post - ('Servicio de envío de mensajes ejecutándose',)
01:27:18 - INF - post - ("Error en la validación del request -> {'sender_id': ['El sender_id es obligatorio']}",)
01:27:27 - INF - post - ('Servicio de envío de mensajes ejecutándose',)
01:27:27 - INF - post - ("Error en la validación del request -> {'sender_id': ['El sender_id es obligatorio']}",)
01:51:11 - INF - get - ('Servicio de vista de todas las publicaciones ejecutándose',)
01:51:12 - INF - get - ('Servicio de vista de todas las publicaciones ejecutándose',)
01:51:12 - INF - get - ('Servicio de vista de todas las publicaciones ejecutándose',)
01:51:12 - INF - get - ('Servicio de vista de todas las publicaciones ejecutándose',)
01:51:22 - INF - post - ('Servicio de login ejecutandose',)
01:51:22 - INF - get - ('Servicio de vista de todas las publicaciones ejecutándose',)
01:51:22 - INF - get - ('Servicio de vista de todas las publicaciones ejecutándose',)
01:51:23 - INF - get - ('Servicio para listar recursos ejecutándose',)
01:51:24 - INF - get - ('Servicio para listar recursos ejecutándose',)
01:51:25 - INF - get - ('Servicio de consulta de usuarios ejecutándose',)
01:51:25 - INF - get - ('Servicio de consulta de usuarios ejecutándose',)
01:51:26 - INF - get - ('Servicio de visualización de conversación ejecutándose',)
01:51:27 - INF - get - ('Servicio de visualización de conversación ejecutándose',)
01:51:30 - INF - post - ('Servicio de envío de mensajes ejecutándose',)
01:51:30 - INF - post - ("Error en la validación del request -> {'sender_id': ['El sender_id es obligatorio']}",)
01:51:36 - INF - post - ('Servicio de envío de mensajes ejecutándose',)
01:51:36 - INF - post - ("Error en la validación del request -> {'sender_id': ['El sender_id es obligatorio']}",)
01:51:43 - INF - get - ('Servicio de vista de todas las publicaciones ejecutándose',)
01:51:43 - INF - get - ('Servicio de vista de todas las publicaciones ejecutándose',)
01:51:44 - INF - get - ('Servicio de consulta de usuarios ejecutándose',)
01:51:44 - INF - get - ('Servicio de consulta de usuarios ejecutándose',)
01:51:46 - INF - get - ('Servicio de visualización de conversación ejecutándose',)
01:51:46 - INF - get - ('Servicio de visualización de conversación ejecutándose',)
01:51:49 - INF - post - ('Servicio de envío de mensajes ejecutándose',)
01:51:49 - INF - post - ("Error en la validación del request -> {'sender_id': ['El sender_id es obligatorio']}",)
01:52:51 - INF - get - ('Servicio de consulta de usuarios ejecutándose',)
01:52:51 - INF - get - ('Servicio de consulta de usuarios ejecutándose',)
01:52:54 - INF - get - ('Servicio de visualización de conversación ejecutándose',)
01:52:54 - INF - get - ('Servicio de visualización de conversación ejecutándose',)
01:52:56 - INF - get - ('Servicio de vista de todas las publicaciones ejecutándose',)
01:52:56 - INF - get - ('Servicio de vista de todas las publicaciones ejecutándose',)
01:52:57 - INF - get - ('Servicio de visualización de conversación ejecutándose',)
01:52:57 - INF - get - ('Servicio de visualización de conversación ejecutándose',)
01:52:59 - INF - get - ('Servicio de vista de todas las publicaciones ejecutándose',)
01:52:59 - INF - get - ('Servicio de vista de todas las publicaciones ejecutándose',)
01:55:24 - INF - get - ('Servicio para listar recursos ejecutándose',)
01:55:24 - INF - get - ('Servicio para listar recursos ejecutándose',)
01:56:28 - INF - get - ('Servicio de vista de todas las publicaciones ejecutándose',)
01:56:28 - INF - get - ('Servicio de vista de todas las publicaciones ejecutándose',)
01:56:29 - INF - get - ('Servicio para listar recursos ejecutándose',)
01:56:29 - INF - get - ('Servicio para listar recursos ejecutándose',)
01:56:29 - INF - get - ('Servicio de consulta de usuarios ejecutándose',)
01:56:29 - INF - get - ('Servicio de consulta de usuarios ejecutándose',)
01:56:31 - INF - get - ('Servicio para listar recursos ejecutándose',)
01:56:31 - INF - get - ('Servicio para listar recursos ejecutándose',)
01:56:32 - INF - get - ('Servicio de vista de todas las publicaciones ejecutándose',)
01:56:32 - INF - get - ('Servicio de vista de todas las publicaciones ejecutándose',)
01:56:34 - INF - get - ('Servicio para listar recursos ejecutándose',)
01:56:34 - INF - get - ('Servicio para listar recursos ejecutándose',)
01:57:20 - INF - get - ('Servicio para listar recursos ejecutándose',)
01:57:21 - INF - get - ('Servicio para listar recursos ejecutándose',)
01:59:19 - INF - get - ('Servicio de consulta de usuarios ejecutándose',)
01:59:19 - INF - get - ('Servicio de consulta de usuarios ejecutándose',)
01:59:19 - INF - get - ('Servicio de vista de todas las publicaciones ejecutándose',)
01:59:20 - INF - get - ('Servicio de vista de todas las publicaciones ejecutándose',)
01:59:20 - INF - get - ('Servicio para listar recursos ejecutándose',)
01:59:20 - INF - get - ('Servicio para listar recursos ejecutándose',)
01:59:26 - INF - get - ('Servicio de vista de todas las publicaciones ejecutándose',)
01:59:26 - INF - get - ('Servicio de vista de todas las publicaciones ejecutándose',)
01:59:31 - INF - get - ('Servicio de consulta de usuarios ejecutándose',)
01:59:31 - INF - get - ('Servicio de consulta de usuarios ejecutándose',)
01:59:36 - INF - get - ('Servicio de visualización de conversación ejecutándose',)
01:59:36 - INF - get - ('Servicio de visualización de conversación ejecutándose',)
01:59:39 - INF - get - ('Servicio de consulta de usuarios ejecutándose',)
01:59:39 - INF - get - ('Servicio de consulta de usuarios ejecutándose',)
01:59:41 - INF - get - ('Servicio de visualización de conversación ejecutándose',)
01:59:41 - INF - get - ('Servicio de visualización de conversación ejecutándose',)
01:59:42 - INF - get - ('Servicio de vista de todas las publicaciones ejecutándose',)
01:59:42 - INF - get - ('Servicio de vista de todas las publicaciones ejecutándose',)
01:59:45 - INF - get - ('Servicio para listar recursos ejecutándose',)
01:59:45 - INF - get - ('Servicio para listar recursos ejecutándose',)
01:59:46 - INF - get - ('Servicio de vista de todas las publicaciones ejecutándose',)
01:59:46 - INF - get - ('Servicio de vista de todas las publicaciones ejecutándose',)
01:59:47 - INF - get - ('Servicio para listar recursos ejecutándose',)
01:59:47 - INF - get - ('Servicio para listar recursos ejecutándose',)
01:59:47 - INF - get - ('Servicio de vista de todas las publicaciones ejecutándose',)
01:59:47 - INF - get - ('Servicio de vista de todas las publicaciones ejecutándose',)
02:03:51 - INF - <module> - ('Servicio Finalizado',)
02:03:52 - INF - <module> - ('Servicio Iniciado',)
02:06:21 - INF - <module> - ('Servicio Finalizado',)
02:06:22 - INF - <module> - ('Servicio Iniciado',)
02:09:03 - INF - <module> - ('Servicio Finalizado',)
02:09:04 - INF - <module> - ('Servicio Iniciado',)
02:09:47 - INF - get - ('Servicio de consulta de usuarios ejecutándose',)
02:09:47 - INF - token_validate - ('El token ha expirado.',)
02:09:47 - INF - get - ('Servicio de consulta de usuarios ejecutándose',)
02:09:47 - INF - token_validate - ('El token ha expirado.',)
02:09:48 - INF - get - ('Servicio para listar recursos ejecutándose',)
02:09:48 - INF - get - ('Servicio para listar recursos ejecutándose',)
02:09:49 - INF - get - ('Servicio de vista de todas las publicaciones ejecutándose',)
02:09:49 - INF - get - ('Servicio de vista de todas las publicaciones ejecutándose',)
02:09:50 - INF - get - ('Servicio de consulta de usuarios ejecutándose',)
02:09:50 - INF - token_validate - ('El token ha expirado.',)
02:09:50 - INF - get - ('Servicio de consulta de usuarios ejecutándose',)
02:09:50 - INF - token_validate - ('El token ha expirado.',)
02:09:57 - INF - get - ('Servicio para listar recursos ejecutándose',)
02:09:57 - INF - get - ('Servicio para listar recursos ejecutándose',)
02:09:58 - INF - get - ('Servicio de consulta de usuarios ejecutándose',)
02:09:58 - INF - token_validate - ('El token ha expirado.',)
02:09:58 - INF - get - ('Servicio de consulta de usuarios ejecutándose',)
02:09:58 - INF - token_validate - ('El token ha expirado.',)
02:09:58 - INF - get - ('Servicio para listar recursos ejecutándose',)
02:09:58 - INF - get - ('Servicio para listar recursos ejecutándose',)
02:09:59 - INF - get - ('Servicio de vista de todas las publicaciones ejecutándose',)
02:09:59 - INF - get - ('Servicio de vista de todas las publicaciones ejecutándose',)
02:10:00 - INF - get - ('Servicio para listar recursos ejecutándose',)
02:10:00 - INF - get - ('Servicio para listar recursos ejecutándose',)
02:10:00 - INF - get - ('Servicio de consulta de usuarios ejecutándose',)
02:10:00 - INF - token_validate - ('El token ha expirado.',)
02:10:00 - INF - get - ('Servicio de consulta de usuarios ejecutándose',)
02:10:00 - INF - token_validate - ('El token ha expirado.',)
02:10:04 - INF - get - ('Servicio para listar recursos ejecutándose',)
02:10:04 - INF - get - ('Servicio para listar recursos ejecutándose',)
02:10:12 - INF - get - ('Servicio de vista de todas las publicaciones ejecutándose',)
02:10:12 - INF - get - ('Servicio de vista de todas las publicaciones ejecutándose',)
02:10:14 - INF - get - ('Servicio para listar recursos ejecutándose',)
02:10:14 - INF - get - ('Servicio para listar recursos ejecutándose',)
02:10:23 - INF - post - ('Servicio de login ejecutandose',)
02:10:24 - INF - post - ('Servicio de login ejecutandose',)
02:10:26 - INF - get - ('Servicio para listar recursos ejecutándose',)
02:10:27 - INF - get - ('Servicio para listar recursos ejecutándose',)
02:10:31 - INF - get - ('Servicio de visualización de conversación ejecutándose',)
02:10:31 - INF - get - ('Servicio de visualización de conversación ejecutándose',)
02:10:31 - INF - get - ('Servicio de consulta de usuarios ejecutándose',)
02:10:31 - INF - get - ('Servicio de consulta de usuarios ejecutándose',)
02:10:36 - INF - get - ('Servicio de visualización de conversación ejecutándose',)
02:10:36 - INF - get - ('Servicio de visualización de conversación ejecutándose',)
02:10:40 - INF - get - ('Servicio de consulta de usuarios ejecutándose',)
02:10:41 - INF - get - ('Servicio de consulta de usuarios ejecutándose',)
02:10:42 - INF - get - ('Servicio de visualización de conversación ejecutándose',)
02:10:42 - INF - get - ('Servicio de visualización de conversación ejecutándose',)
02:10:47 - INF - post - ('Servicio de envío de mensajes ejecutándose',)
02:10:47 - INF - post - ("Error en la validación del request -> {'sender_id': ['El sender_id es obligatorio']}",)
02:11:00 - INF - post - ('Servicio de envío de mensajes ejecutándose',)
02:11:00 - INF - post - ("Error en la validación del request -> {'sender_id': ['El sender_id es obligatorio']}",)
02:11:06 - INF - get - ('Servicio de vista de todas las publicaciones ejecutándose',)
02:11:06 - INF - get - ('Servicio de vista de todas las publicaciones ejecutándose',)
02:24:07 - INF - post - ('Servicio de login ejecutandose',)
02:24:13 - INF - post - ('Servicio de login ejecutandose',)
02:24:13 - INF - get - ('Servicio de vista de todas las publicaciones ejecutándose',)
02:24:13 - INF - get - ('Servicio de vista de todas las publicaciones ejecutándose',)
02:24:59 - INF - get - ('Servicio de consulta de usuarios ejecutándose',)
02:24:59 - INF - get - ('Servicio de consulta de usuarios ejecutándose',)
02:25:00 - INF - get - ('Servicio para listar recursos ejecutándose',)
02:25:00 - INF - get - ('Servicio para listar recursos ejecutándose',)
02:25:55 - INF - <module> - ('Servicio Finalizado',)
02:25:55 - INF - <module> - ('Servicio Finalizado',)
11:36:11 - INF - <module> - ('Servicio Iniciado',)
11:36:13 - INF - <module> - ('Servicio Iniciado',)
11:52:11 - INF - <module> - ('Servicio Finalizado',)
11:57:27 - INF - <module> - ('Servicio Iniciado',)
11:57:29 - INF - <module> - ('Servicio Iniciado',)
12:05:57 - INF - <module> - ('Servicio Finalizado',)
12:11:13 - INF - <module> - ('Servicio Iniciado',)
12:11:15 - INF - <module> - ('Servicio Iniciado',)
12:32:39 - INF - <module> - ('Servicio Finalizado',)
12:46:40 - INF - <module> - ('Servicio Iniciado',)
12:46:42 - INF - <module> - ('Servicio Iniciado',)
12:56:29 - INF - <module> - ('Servicio Finalizado',)
12:57:48 - INF - <module> - ('Servicio Iniciado',)
12:57:50 - INF - <module> - ('Servicio Iniciado',)
12:59:27 - INF - <module> - ('Servicio Finalizado',)
13:00:44 - INF - <module> - ('Servicio Iniciado',)
13:00:46 - INF - <module> - ('Servicio Iniciado',)
13:04:35 - INF - <module> - ('Servicio Finalizado',)
13:06:05 - INF - <module> - ('Servicio Iniciado',)
13:06:07 - INF - <module> - ('Servicio Iniciado',)
08:11:50 - INF - <module> - ('Servicio Iniciado',)
08:11:51 - INF - <module> - ('Servicio Iniciado',)
08:14:14 - INF - get - ('Servicio de consulta de usuarios ejecutándose',)
13:17:13 - INF - <module> - ('Servicio Finalizado',)
13:18:33 - INF - <module> - ('Servicio Iniciado',)
13:18:35 - INF - <module> - ('Servicio Iniciado',)
13:21:19 - INF - <module> - ('Servicio Finalizado',)
13:22:43 - INF - <module> - ('Servicio Iniciado',)
13:22:44 - INF - <module> - ('Servicio Iniciado',)
08:23:03 - INF - post - ('Servicio de login ejecutandose',)
08:23:03 - INF - post - ('Servicio de login ejecutandose',)
08:23:06 - INF - post - ('Servicio de login ejecutandose',)
08:23:07 - INF - post - ('Servicio de login ejecutandose',)
08:23:07 - INF - post - ('Servicio de login ejecutandose',)
08:23:09 - INF - post - ('Servicio de login ejecutandose',)
08:23:11 - INF - post - ('Servicio de login ejecutandose',)
13:35:17 - INF - <module> - ('Servicio Finalizado',)
13:36:34 - INF - <module> - ('Servicio Iniciado',)
13:36:36 - INF - <module> - ('Servicio Iniciado',)
08:36:45 - INF - post - ('Servicio de login ejecutandose',)
13:45:30 - INF - <module> - ('Servicio Finalizado',)
13:53:40 - INF - <module> - ('Servicio Iniciado',)
13:53:42 - INF - <module> - ('Servicio Iniciado',)
08:54:55 - INF - post - ('Servicio de login ejecutandose',)
08:55:38 - INF - post - ('Servicio de login ejecutandose',)
08:55:41 - INF - post - ('Servicio de login ejecutandose',)
08:55:42 - INF - get - ('Servicio de vista de todas las publicaciones ejecutándose',)
08:55:48 - INF - get - ('Servicio para listar recursos ejecutándose',)
08:55:49 - INF - get - ('Servicio de consulta de usuarios ejecutándose',)
08:55:51 - INF - get - ('Servicio de visualización de conversación ejecutándose',)
08:55:55 - INF - get - ('Servicio de consulta de usuarios ejecutándose',)
08:55:55 - INF - get - ('Servicio para listar recursos ejecutándose',)
08:55:56 - INF - get - ('Servicio de vista de todas las publicaciones ejecutándose',)
08:56:08 - INF - post - ('Servicio de login ejecutandose',)
08:56:08 - INF - get - ('Servicio de vista de todas las publicaciones ejecutándose',)
08:56:19 - INF - get - ('Servicio para listar recursos ejecutándose',)
08:56:24 - INF - get - ('Servicio de vista de todas las publicaciones ejecutándose',)
08:56:24 - INF - get - ('Servicio para listar recursos ejecutándose',)
14:07:40 - INF - <module> - ('Servicio Finalizado',)
14:46:36 - INF - <module> - ('Servicio Iniciado',)
14:46:38 - INF - <module> - ('Servicio Iniciado',)
09:46:52 - INF - post - ('Servicio de login ejecutandose',)
09:46:53 - INF - get - ('Servicio de vista de todas las publicaciones ejecutándose',)
09:51:31 - INF - get - ('Servicio para listar recursos ejecutándose',)
10:04:40 - INF - get - ('Servicio de vista de todas las publicaciones ejecutándose',)
10:04:48 - INF - get - ('Servicio para listar recursos ejecutándose',)
10:04:55 - INF - get - ('Servicio de vista de todas las publicaciones ejecutándose',)
10:05:00 - INF - get - ('Servicio para listar recursos ejecutándose',)
10:05:02 - INF - get - ('Servicio de consulta de usuarios ejecutándose',)
10:05:02 - INF - token_validate - ('El token ha expirado.',)
10:05:04 - INF - get - ('Servicio de vista de todas las publicaciones ejecutándose',)
10:06:02 - INF - get - ('Servicio para listar recursos ejecutándose',)
10:06:04 - INF - get - ('Servicio de vista de todas las publicaciones ejecutándose',)
10:06:05 - INF - get - ('Servicio para listar recursos ejecutándose',)
10:06:08 - INF - get - ('Servicio de vista de todas las publicaciones ejecutándose',)
10:06:09 - INF - get - ('Servicio para listar recursos ejecutándose',)
10:06:10 - INF - get - ('Servicio de vista de todas las publicaciones ejecutándose',)
10:09:04 - INF - post - ('Servicio de login ejecutandose',)
10:09:05 - INF - get - ('Servicio de vista de todas las publicaciones ejecutándose',)
10:09:05 - INF - get - ('Servicio de vista de todas las publicaciones ejecutándose',)
10:09:17 - INF - get - ('Servicio de consulta de usuarios ejecutándose',)
10:09:17 - INF - get - ('Servicio de consulta de usuarios ejecutándose',)
10:09:20 - INF - get - ('Servicio para listar recursos ejecutándose',)
10:09:20 - INF - get - ('Servicio para listar recursos ejecutándose',)
10:09:22 - INF - get - ('Servicio de consulta de usuarios ejecutándose',)
10:09:22 - INF - get - ('Servicio de consulta de usuarios ejecutándose',)
10:09:24 - INF - get - ('Servicio para listar recursos ejecutándose',)
10:09:24 - INF - get - ('Servicio para listar recursos ejecutándose',)
10:12:47 - INF - get - ('Servicio de vista de todas las publicaciones ejecutándose',)
10:12:47 - INF - get - ('Servicio de vista de todas las publicaciones ejecutándose',)
10:12:50 - INF - get - ('Servicio para listar recursos ejecutándose',)
10:12:51 - INF - get - ('Servicio para listar recursos ejecutándose',)
10:12:56 - INF - get - ('Servicio de vista de todas las publicaciones ejecutándose',)
10:12:56 - INF - get - ('Servicio de vista de todas las publicaciones ejecutándose',)
10:14:34 - INF - get - ('Servicio de consulta de usuarios ejecutándose',)
10:14:34 - INF - get - ('Servicio de consulta de usuarios ejecutándose',)
10:14:59 - INF - get - ('Servicio de vista de todas las publicaciones ejecutándose',)
10:14:59 - INF - get - ('Servicio de vista de todas las publicaciones ejecutándose',)
10:15:01 - INF - get - ('Servicio para listar recursos ejecutándose',)
10:15:01 - INF - get - ('Servicio para listar recursos ejecutándose',)
10:15:01 - INF - get - ('Servicio de consulta de usuarios ejecutándose',)
10:15:02 - INF - get - ('Servicio de consulta de usuarios ejecutándose',)
10:15:04 - INF - get - ('Servicio de vista de todas las publicaciones ejecutándose',)
10:15:04 - INF - get - ('Servicio de vista de todas las publicaciones ejecutándose',)
10:18:28 - INF - get - ('Servicio para listar recursos ejecutándose',)
10:18:28 - INF - get - ('Servicio para listar recursos ejecutándose',)
10:18:30 - INF - get - ('Servicio de vista de todas las publicaciones ejecutándose',)
10:18:30 - INF - get - ('Servicio de vista de todas las publicaciones ejecutándose',)
10:18:30 - INF - get - ('Servicio para listar recursos ejecutándose',)
10:18:31 - INF - get - ('Servicio para listar recursos ejecutándose',)
10:18:31 - INF - get - ('Servicio de vista de todas las publicaciones ejecutándose',)
10:18:31 - INF - get - ('Servicio de vista de todas las publicaciones ejecutándose',)
10:18:32 - INF - get - ('Servicio para listar recursos ejecutándose',)
10:18:32 - INF - get - ('Servicio para listar recursos ejecutándose',)
10:18:33 - INF - get - ('Servicio de consulta de usuarios ejecutándose',)
10:18:33 - INF - get - ('Servicio de consulta de usuarios ejecutándose',)
10:18:33 - INF - get - ('Servicio para listar recursos ejecutándose',)
10:18:34 - INF - get - ('Servicio para listar recursos ejecutándose',)
10:18:34 - INF - get - ('Servicio de consulta de usuarios ejecutándose',)
10:18:34 - INF - get - ('Servicio de consulta de usuarios ejecutándose',)
10:18:35 - INF - get - ('Servicio de vista de todas las publicaciones ejecutándose',)
10:18:35 - INF - get - ('Servicio de vista de todas las publicaciones ejecutándose',)
10:18:36 - INF - get - ('Servicio para listar recursos ejecutándose',)
10:18:36 - INF - get - ('Servicio para listar recursos ejecutándose',)
10:18:37 - INF - get - ('Servicio de consulta de usuarios ejecutándose',)
10:18:37 - INF - get - ('Servicio de consulta de usuarios ejecutándose',)
10:18:41 - INF - get - ('Servicio para listar recursos ejecutándose',)
10:18:41 - INF - get - ('Servicio para listar recursos ejecutándose',)
10:18:55 - INF - get - ('Servicio de vista de todas las publicaciones ejecutándose',)
10:18:55 - INF - get - ('Servicio de vista de todas las publicaciones ejecutándose',)
10:19:49 - INF - get - ('Servicio para listar recursos ejecutándose',)
10:19:49 - INF - get - ('Servicio para listar recursos ejecutándose',)
10:21:15 - INF - get - ('Servicio de vista de todas las publicaciones ejecutándose',)
10:21:15 - INF - get - ('Servicio de vista de todas las publicaciones ejecutándose',)
10:22:26 - INF - get - ('Servicio de vista de todas las publicaciones ejecutándose',)
10:22:26 - INF - get - ('Servicio de vista de todas las publicaciones ejecutándose',)
10:23:02 - INF - get - ('Servicio de vista de todas las publicaciones ejecutándose',)
10:23:03 - INF - get - ('Servicio de vista de todas las publicaciones ejecutándose',)
10:25:13 - INF - get - ('Servicio de vista de todas las publicaciones ejecutándose',)
10:25:14 - INF - get - ('Servicio de vista de todas las publicaciones ejecutándose',)
10:26:36 - INF - get - ('Servicio para listar recursos ejecutándose',)
10:26:36 - INF - get - ('Servicio para listar recursos ejecutándose',)
10:26:37 - INF - get - ('Servicio de vista de todas las publicaciones ejecutándose',)
10:26:37 - INF - get - ('Servicio de vista de todas las publicaciones ejecutándose',)
10:26:38 - INF - get - ('Servicio para listar recursos ejecutándose',)
10:26:38 - INF - get - ('Servicio para listar recursos ejecutándose',)
10:26:40 - INF - get - ('Servicio de vista de todas las publicaciones ejecutándose',)
10:26:40 - INF - get - ('Servicio de vista de todas las publicaciones ejecutándose',)
10:26:41 - INF - get - ('Servicio para listar recursos ejecutándose',)
10:26:41 - INF - get - ('Servicio para listar recursos ejecutándose',)
10:26:42 - INF - get - ('Servicio de consulta de usuarios ejecutándose',)
10:26:42 - INF - token_validate - ('El token ha expirado.',)
10:26:42 - INF - get - ('Servicio de consulta de usuarios ejecutándose',)
10:26:42 - INF - token_validate - ('El token ha expirado.',)
10:26:42 - INF - get - ('Servicio para listar recursos ejecutándose',)
10:26:43 - INF - get - ('Servicio para listar recursos ejecutándose',)
10:32:45 - INF - get - ('Servicio de vista de todas las publicaciones ejecutándose',)
10:32:45 - INF - get - ('Servicio de vista de todas las publicaciones ejecutándose',)
10:33:50 - INF - get - ('Servicio para listar recursos ejecutándose',)
10:33:50 - INF - get - ('Servicio para listar recursos ejecutándose',)
10:49:26 - INF - get - ('Servicio de vista de todas las publicaciones ejecutándose',)
10:49:26 - INF - get - ('Servicio de vista de todas las publicaciones ejecutándose',)
10:52:01 - INF - get - ('Servicio para listar recursos ejecutándose',)
10:52:01 - INF - get - ('Servicio para listar recursos ejecutándose',)
10:52:04 - INF - get - ('Servicio de consulta de usuarios ejecutándose',)
10:52:04 - INF - token_validate - ('El token ha expirado.',)
10:52:04 - INF - get - ('Servicio de consulta de usuarios ejecutándose',)
10:52:04 - INF - token_validate - ('El token ha expirado.',)
10:52:05 - INF - get - ('Servicio para listar recursos ejecutándose',)
10:52:05 - INF - get - ('Servicio para listar recursos ejecutándose',)
10:52:07 - INF - get - ('Servicio de vista de todas las publicaciones ejecutándose',)
10:52:07 - INF - get - ('Servicio de vista de todas las publicaciones ejecutándose',)
10:52:09 - INF - get - ('Servicio de consulta de usuarios ejecutándose',)
10:52:09 - INF - token_validate - ('El token ha expirado.',)
10:52:09 - INF - get - ('Servicio de consulta de usuarios ejecutándose',)
10:52:09 - INF - token_validate - ('El token ha expirado.',)
10:52:09 - INF - get - ('Servicio para listar recursos ejecutándose',)
10:52:09 - INF - get - ('Servicio para listar recursos ejecutándose',)
10:52:10 - INF - get - ('Servicio de vista de todas las publicaciones ejecutándose',)
10:52:10 - INF - get - ('Servicio de vista de todas las publicaciones ejecutándose',)
10:52:11 - INF - get - ('Servicio para listar recursos ejecutándose',)
10:52:11 - INF - get - ('Servicio para listar recursos ejecutándose',)
10:52:11 - INF - get - ('Servicio de vista de todas las publicaciones ejecutándose',)
10:52:11 - INF - get - ('Servicio de vista de todas las publicaciones ejecutándose',)
10:52:12 - INF - get - ('Servicio para listar recursos ejecutándose',)
10:52:12 - INF - get - ('Servicio para listar recursos ejecutándose',)
10:52:13 - INF - get - ('Servicio de consulta de usuarios ejecutándose',)
10:52:13 - INF - token_validate - ('El token ha expirado.',)
10:52:13 - INF - get - ('Servicio de consulta de usuarios ejecutándose',)
10:52:13 - INF - token_validate - ('El token ha expirado.',)
10:52:15 - INF - get - ('Servicio de vista de todas las publicaciones ejecutándose',)
10:52:15 - INF - get - ('Servicio de vista de todas las publicaciones ejecutándose',)
10:52:17 - INF - get - ('Servicio de vista de todas las publicaciones ejecutándose',)
10:52:17 - INF - get - ('Servicio de vista de todas las publicaciones ejecutándose',)
10:53:09 - INF - get - ('Servicio de vista de todas las publicaciones ejecutándose',)
10:53:09 - INF - get - ('Servicio de vista de todas las publicaciones ejecutándose',)
10:53:39 - INF - get - ('Servicio de vista de todas las publicaciones ejecutándose',)
10:53:39 - INF - get - ('Servicio de vista de todas las publicaciones ejecutándose',)
10:55:01 - INF - get - ('Servicio de vista de todas las publicaciones ejecutándose',)
10:55:01 - INF - get - ('Servicio de vista de todas las publicaciones ejecutándose',)
10:56:11 - INF - get - ('Servicio de vista de todas las publicaciones ejecutándose',)
10:56:11 - INF - get - ('Servicio de vista de todas las publicaciones ejecutándose',)
10:56:41 - INF - get - ('Servicio de vista de todas las publicaciones ejecutándose',)
10:56:42 - INF - get - ('Servicio de vista de todas las publicaciones ejecutándose',)
10:57:29 - INF - get - ('Servicio de consulta de usuarios ejecutándose',)
10:57:29 - INF - token_validate - ('El token ha expirado.',)
10:57:29 - INF - get - ('Servicio de consulta de usuarios ejecutándose',)
10:57:29 - INF - token_validate - ('El token ha expirado.',)
10:57:30 - INF - get - ('Servicio para listar recursos ejecutándose',)
10:57:30 - INF - get - ('Servicio para listar recursos ejecutándose',)
10:57:32 - INF - get - ('Servicio de vista de todas las publicaciones ejecutándose',)
10:57:32 - INF - get - ('Servicio de vista de todas las publicaciones ejecutándose',)
10:57:33 - INF - get - ('Servicio para listar recursos ejecutándose',)
10:57:33 - INF - get - ('Servicio para listar recursos ejecutándose',)
10:57:34 - INF - get - ('Servicio de vista de todas las publicaciones ejecutándose',)
10:57:34 - INF - get - ('Servicio de vista de todas las publicaciones ejecutándose',)
11:01:33 - INF - get - ('Servicio para listar recursos ejecutándose',)
11:01:33 - INF - get - ('Servicio para listar recursos ejecutándose',)
11:01:35 - INF - get - ('Servicio de consulta de usuarios ejecutándose',)
11:01:35 - INF - token_validate - ('El token ha expirado.',)
11:01:35 - INF - get - ('Servicio de consulta de usuarios ejecutándose',)
11:01:35 - INF - token_validate - ('El token ha expirado.',)
11:01:43 - INF - get - ('Servicio para listar recursos ejecutándose',)
11:01:43 - INF - get - ('Servicio para listar recursos ejecutándose',)
11:01:43 - INF - get - ('Servicio de vista de todas las publicaciones ejecutándose',)
11:01:44 - INF - get - ('Servicio de vista de todas las publicaciones ejecutándose',)
11:01:45 - INF - get - ('Servicio para listar recursos ejecutándose',)
11:01:45 - INF - get - ('Servicio para listar recursos ejecutándose',)
11:01:46 - INF - get - ('Servicio de vista de todas las publicaciones ejecutándose',)
11:01:46 - INF - get - ('Servicio de vista de todas las publicaciones ejecutándose',)
11:01:47 - INF - get - ('Servicio para listar recursos ejecutándose',)
11:01:47 - INF - get - ('Servicio para listar recursos ejecutándose',)
11:01:49 - INF - get - ('Servicio de vista de todas las publicaciones ejecutándose',)
11:01:49 - INF - get - ('Servicio de vista de todas las publicaciones ejecutándose',)
11:01:50 - INF - get - ('Servicio para listar recursos ejecutándose',)
11:01:50 - INF - get - ('Servicio para listar recursos ejecutándose',)
11:01:51 - INF - get - ('Servicio de vista de todas las publicaciones ejecutándose',)
11:01:51 - INF - get - ('Servicio de vista de todas las publicaciones ejecutándose',)
11:01:52 - INF - get - ('Servicio para listar recursos ejecutándose',)
11:01:52 - INF - get - ('Servicio para listar recursos ejecutándose',)
11:01:52 - INF - get - ('Servicio de vista de todas las publicaciones ejecutándose',)
11:01:52 - INF - get - ('Servicio de vista de todas las publicaciones ejecutándose',)
11:01:54 - INF - get - ('Servicio para listar recursos ejecutándose',)
11:01:54 - INF - get - ('Servicio para listar recursos ejecutándose',)
11:01:54 - INF - get - ('Servicio de consulta de usuarios ejecutándose',)
11:01:54 - INF - token_validate - ('El token ha expirado.',)
11:01:54 - INF - get - ('Servicio de consulta de usuarios ejecutándose',)
11:01:54 - INF - token_validate - ('El token ha expirado.',)
11:01:55 - INF - get - ('Servicio para listar recursos ejecutándose',)
11:01:55 - INF - get - ('Servicio para listar recursos ejecutándose',)
11:01:55 - INF - get - ('Servicio de vista de todas las publicaciones ejecutándose',)
11:01:56 - INF - get - ('Servicio de vista de todas las publicaciones ejecutándose',)
11:05:22 - INF - get - ('Servicio de vista de todas las publicaciones ejecutándose',)
11:05:22 - INF - get - ('Servicio de vista de todas las publicaciones ejecutándose',)
11:06:18 - INF - get - ('Servicio de vista de todas las publicaciones ejecutándose',)
11:06:18 - INF - get - ('Servicio de vista de todas las publicaciones ejecutándose',)
11:06:22 - INF - get - ('Servicio de vista de todas las publicaciones ejecutándose',)
11:06:22 - INF - get - ('Servicio de vista de todas las publicaciones ejecutándose',)
11:07:06 - INF - get - ('Servicio para listar recursos ejecutándose',)
11:07:07 - INF - get - ('Servicio para listar recursos ejecutándose',)
11:07:08 - INF - get - ('Servicio de vista de todas las publicaciones ejecutándose',)
11:07:08 - INF - get - ('Servicio de vista de todas las publicaciones ejecutándose',)
11:07:09 - INF - get - ('Servicio para listar recursos ejecutándose',)
11:07:09 - INF - get - ('Servicio para listar recursos ejecutándose',)
11:07:10 - INF - get - ('Servicio de vista de todas las publicaciones ejecutándose',)
11:07:10 - INF - get - ('Servicio de vista de todas las publicaciones ejecutándose',)
11:07:11 - INF - get - ('Servicio para listar recursos ejecutándose',)
11:07:11 - INF - get - ('Servicio para listar recursos ejecutándose',)
11:07:14 - INF - get - ('Servicio de vista de todas las publicaciones ejecutándose',)
11:07:14 - INF - get - ('Servicio de vista de todas las publicaciones ejecutándose',)
11:07:18 - INF - get - ('Servicio para listar recursos ejecutándose',)
11:07:18 - INF - get - ('Servicio para listar recursos ejecutándose',)
11:09:19 - INF - get - ('Servicio de vista de todas las publicaciones ejecutándose',)
11:09:19 - INF - get - ('Servicio de vista de todas las publicaciones ejecutándose',)
11:11:39 - INF - get - ('Servicio para listar recursos ejecutándose',)
11:11:39 - INF - get - ('Servicio para listar recursos ejecutándose',)
11:12:03 - INF - get - ('Servicio de vista de todas las publicaciones ejecutándose',)
11:12:03 - INF - get - ('Servicio de vista de todas las publicaciones ejecutándose',)
11:12:12 - INF - get - ('Servicio para listar recursos ejecutándose',)
11:12:12 - INF - get - ('Servicio para listar recursos ejecutándose',)
11:12:16 - INF - get - ('Servicio de vista de todas las publicaciones ejecutándose',)
11:12:16 - INF - get - ('Servicio de vista de todas las publicaciones ejecutándose',)
11:15:08 - INF - get - ('Servicio de vista de todas las publicaciones ejecutándose',)
11:15:08 - INF - get - ('Servicio de vista de todas las publicaciones ejecutándose',)
11:43:24 - INF - get - ('Servicio de vista de todas las publicaciones ejecutándose',)
11:43:24 - INF - get - ('Servicio de vista de todas las publicaciones ejecutándose',)
11:43:50 - INF - get - ('Servicio de vista de todas las publicaciones ejecutándose',)
11:43:50 - INF - get - ('Servicio de vista de todas las publicaciones ejecutándose',)
11:47:46 - INF - get - ('Servicio de vista de todas las publicaciones ejecutándose',)
11:47:47 - INF - get - ('Servicio de vista de todas las publicaciones ejecutándose',)
11:47:54 - INF - get - ('Servicio de vista de todas las publicaciones ejecutándose',)
11:48:40 - INF - get - ('Servicio de vista de todas las publicaciones ejecutándose',)
11:48:40 - INF - get - ('Servicio de vista de todas las publicaciones ejecutándose',)
11:48:42 - INF - get - ('Servicio de vista de todas las publicaciones ejecutándose',)
11:48:42 - INF - get - ('Servicio de vista de todas las publicaciones ejecutándose',)
11:49:31 - INF - get - ('Servicio de vista de todas las publicaciones ejecutándose',)
11:49:31 - INF - get - ('Servicio de vista de todas las publicaciones ejecutándose',)
11:51:09 - INF - get - ('Servicio de vista de todas las publicaciones ejecutándose',)
11:51:09 - INF - get - ('Servicio de vista de todas las publicaciones ejecutándose',)
11:51:17 - INF - get - ('Servicio de vista de todas las publicaciones ejecutándose',)
11:51:17 - INF - get - ('Servicio de vista de todas las publicaciones ejecutándose',)
11:52:33 - INF - get - ('Servicio de vista de todas las publicaciones ejecutándose',)
11:52:33 - INF - get - ('Servicio de vista de todas las publicaciones ejecutándose',)
11:53:33 - INF - get - ('Servicio de vista de todas las publicaciones ejecutándose',)
11:53:33 - INF - get - ('Servicio de vista de todas las publicaciones ejecutándose',)
11:53:51 - INF - get - ('Servicio de vista de todas las publicaciones ejecutándose',)
11:53:51 - INF - get - ('Servicio de vista de todas las publicaciones ejecutándose',)
11:54:05 - INF - get - ('Servicio de vista de todas las publicaciones ejecutándose',)
11:54:05 - INF - get - ('Servicio de vista de todas las publicaciones ejecutándose',)
11:56:43 - INF - get - ('Servicio de vista de todas las publicaciones ejecutándose',)
11:56:43 - INF - get - ('Servicio de vista de todas las publicaciones ejecutándose',)
11:56:59 - INF - get - ('Servicio para listar recursos ejecutándose',)
11:56:59 - INF - get - ('Servicio para listar recursos ejecutándose',)
11:57:30 - INF - get - ('Servicio de consulta de usuarios ejecutándose',)
11:57:30 - INF - token_validate - ('El token ha expirado.',)
11:57:30 - INF - get - ('Servicio de consulta de usuarios ejecutándose',)
11:57:30 - INF - token_validate - ('El token ha expirado.',)
11:57:32 - INF - get - ('Servicio de vista de todas las publicaciones ejecutándose',)
11:57:32 - INF - get - ('Servicio de vista de todas las publicaciones ejecutándose',)
18:21:31 - INF - <module> - ('Servicio Finalizado',)
13:21:31 - INF - <module> - ('Servicio Finalizado',)
18:21:32 - INF - <module> - ('Servicio Iniciado',)
13:21:33 - INF - <module> - ('Servicio Iniciado',)
13:23:00 - INF - <module> - ('Servicio Finalizado',)
18:23:00 - INF - <module> - ('Servicio Finalizado',)
13:23:01 - INF - <module> - ('Servicio Finalizado',)
18:23:01 - INF - <module> - ('Servicio Finalizado',)
13:31:59 - INF - <module> - ('Servicio Iniciado',)
13:32:00 - INF - <module> - ('Servicio Iniciado',)
13:32:29 - INF - <module> - ('Servicio Finalizado',)
13:32:31 - INF - <module> - ('Servicio Finalizado',)
13:34:20 - INF - <module> - ('Servicio Iniciado',)
13:34:21 - INF - <module> - ('Servicio Iniciado',)
13:34:23 - INF - post - ('Servicio de login ejecutandose',)
13:34:25 - INF - post - ('Servicio de login ejecutandose',)
13:34:30 - INF - post - ('Servicio de login ejecutandose',)
13:34:31 - INF - get - ('Servicio de vista de todas las publicaciones ejecutándose',)
13:34:32 - INF - get - ('Servicio de vista de todas las publicaciones ejecutándose',)
13:34:38 - INF - get - ('Servicio para listar recursos ejecutándose',)
13:34:38 - INF - get - ('Servicio para listar recursos ejecutándose',)
13:34:40 - INF - get - ('Servicio de consulta de usuarios ejecutándose',)
13:34:40 - INF - get - ('Servicio de consulta de usuarios ejecutándose',)
13:34:43 - INF - get - ('Servicio de vista de todas las publicaciones ejecutándose',)
13:34:43 - INF - get - ('Servicio de vista de todas las publicaciones ejecutándose',)
13:39:00 - INF - get - ('Servicio de vista de todas las publicaciones ejecutándose',)
13:39:01 - INF - get - ('Servicio de vista de todas las publicaciones ejecutándose',)
13:40:00 - INF - get - ('Servicio de vista de todas las publicaciones ejecutándose',)
13:41:33 - INF - get - ('Servicio de vista de todas las publicaciones ejecutándose',)
13:41:42 - INF - post - ('Servicio de login ejecutandose',)
13:41:43 - INF - get - ('Servicio de vista de todas las publicaciones ejecutándose',)
13:41:43 - INF - get - ('Servicio de vista de todas las publicaciones ejecutándose',)
13:42:12 - INF - post - ('Servicio de post, creación de publicaciones ejecutándose',)
13:42:12 - INF - create_post - ("Error en el componente de creación del post -> 'int' object is not subscriptable",)
13:42:12 - INF - get - ('Servicio de vista de todas las publicaciones ejecutándose',)
13:44:14 - INF - get - ('Servicio de vista de todas las publicaciones ejecutándose',)
13:45:37 - INF - get - ('Servicio de vista de todas las publicaciones ejecutándose',)
13:52:22 - INF - get - ('Servicio de vista de todas las publicaciones ejecutándose',)
13:53:24 - INF - get - ('Servicio de vista de todas las publicaciones ejecutándose',)
13:53:27 - INF - get - ('Servicio de vista de todas las publicaciones ejecutándose',)
13:53:27 - INF - get - ('Servicio de vista de todas las publicaciones ejecutándose',)
13:53:34 - INF - post - ('Servicio de login ejecutandose',)
13:53:34 - INF - get - ('Servicio de vista de todas las publicaciones ejecutándose',)
13:53:34 - INF - get - ('Servicio de vista de todas las publicaciones ejecutándose',)
13:53:51 - INF - post - ('Servicio de post, creación de publicaciones ejecutándose',)
13:53:51 - INF - create_post - ("Error en el componente de creación del post -> 'int' object is not subscriptable",)
13:53:51 - INF - get - ('Servicio de vista de todas las publicaciones ejecutándose',)
13:54:36 - INF - get - ('Servicio de vista de todas las publicaciones ejecutándose',)
13:54:37 - INF - get - ('Servicio de vista de todas las publicaciones ejecutándose',)
13:55:04 - INF - get - ('Servicio de vista de todas las publicaciones ejecutándose',)
13:55:06 - INF - get - ('Servicio de vista de todas las publicaciones ejecutándose',)
13:55:08 - INF - get - ('Servicio de vista de todas las publicaciones ejecutándose',)
13:55:16 - INF - get - ('Servicio de vista de todas las publicaciones ejecutándose',)
13:59:02 - INF - get - ('Servicio de vista de todas las publicaciones ejecutándose',)
13:59:03 - INF - get - ('Servicio de vista de todas las publicaciones ejecutándose',)
13:59:09 - INF - get - ('Servicio de vista de todas las publicaciones ejecutándose',)
13:59:09 - INF - get - ('Servicio de vista de todas las publicaciones ejecutándose',)
13:59:19 - INF - get - ('Servicio de vista de todas las publicaciones ejecutándose',)
14:03:14 - INF - get - ('Servicio de vista de todas las publicaciones ejecutándose',)
14:15:31 - INF - <module> - ('Servicio Finalizado',)
14:15:32 - INF - <module> - ('Servicio Iniciado',)
14:16:35 - INF - <module> - ('Servicio Finalizado',)
14:16:37 - INF - <module> - ('Servicio Iniciado',)
14:16:58 - INF - get - ('Servicio de vista de todas las publicaciones ejecutándose',)
14:16:59 - INF - get - ('Servicio de vista de todas las publicaciones ejecutándose',)
14:17:10 - INF - post - ('Servicio de login ejecutandose',)
14:17:10 - INF - get - ('Servicio de vista de todas las publicaciones ejecutándose',)
14:17:10 - INF - get - ('Servicio de vista de todas las publicaciones ejecutándose',)
14:18:47 - INF - get - ('Servicio de vista de todas las publicaciones ejecutándose',)
14:18:49 - INF - get - ('Servicio de vista de todas las publicaciones ejecutándose',)
14:19:24 - INF - post - ('Servicio de login ejecutandose',)
14:19:24 - INF - get - ('Servicio de vista de todas las publicaciones ejecutándose',)
14:19:24 - INF - get - ('Servicio de vista de todas las publicaciones ejecutándose',)
14:20:59 - INF - get - ('Servicio de vista de todas las publicaciones ejecutándose',)
14:21:07 - INF - get - ('Servicio de vista de todas las publicaciones ejecutándose',)
14:21:07 - INF - get - ('Servicio de vista de todas las publicaciones ejecutándose',)
14:21:14 - INF - post - ('Servicio de login ejecutandose',)
14:21:14 - INF - get - ('Servicio de vista de todas las publicaciones ejecutándose',)
14:21:14 - INF - get - ('Servicio de vista de todas las publicaciones ejecutándose',)
14:25:14 - INF - get - ('Servicio de vista de todas las publicaciones ejecutándose',)
14:25:24 - INF - get - ('Servicio de vista de todas las publicaciones ejecutándose',)
14:25:24 - INF - get - ('Servicio de vista de todas las publicaciones ejecutándose',)
14:25:28 - INF - get - ('Servicio de vista de todas las publicaciones ejecutándose',)
14:25:28 - INF - get - ('Servicio de vista de todas las publicaciones ejecutándose',)
14:25:37 - INF - post - ('Servicio de login ejecutandose',)
14:25:37 - INF - get - ('Servicio de vista de todas las publicaciones ejecutándose',)
14:25:37 - INF - get - ('Servicio de vista de todas las publicaciones ejecutándose',)
14:27:33 - INF - get - ('Servicio de vista de todas las publicaciones ejecutándose',)
14:27:48 - INF - get - ('Servicio de vista de todas las publicaciones ejecutándose',)
14:28:30 - INF - get - ('Servicio de vista de todas las publicaciones ejecutándose',)
14:28:34 - INF - get - ('Servicio de vista de todas las publicaciones ejecutándose',)
14:28:39 - INF - get - ('Servicio de vista de todas las publicaciones ejecutándose',)
14:29:02 - INF - get - ('Servicio de vista de todas las publicaciones ejecutándose',)
14:29:02 - INF - get - ('Servicio de vista de todas las publicaciones ejecutándose',)
14:33:47 - INF - <module> - ('Servicio Finalizado',)
14:33:48 - INF - <module> - ('Servicio Iniciado',)
14:35:26 - INF - get - ('Servicio de vista de todas las publicaciones ejecutándose',)
14:40:42 - INF - <module> - ('Servicio Finalizado',)
14:40:43 - INF - <module> - ('Servicio Iniciado',)
14:41:18 - INF - get - ('Servicio de vista de todas las publicaciones ejecutándose',)
14:42:06 - INF - post - ('Servicio de login ejecutandose',)
14:42:06 - INF - get - ('Servicio de vista de todas las publicaciones ejecutándose',)
14:42:06 - INF - get - ('Servicio de vista de todas las publicaciones ejecutándose',)
14:43:13 - INF - get - ('Servicio de vista de todas las publicaciones ejecutándose',)
14:43:28 - INF - post - ('Servicio de login ejecutandose',)
14:43:28 - INF - get - ('Servicio de vista de todas las publicaciones ejecutándose',)
14:43:28 - INF - get - ('Servicio de vista de todas las publicaciones ejecutándose',)
14:43:35 - INF - post - ('Servicio de comentarios ejecutándose',)
14:43:36 - INF - create_comment - ("Error en el componente de creación de comentarios -> 'int' object is not subscriptable",)
14:43:42 - INF - post - ('Servicio de comentarios ejecutándose',)
14:43:42 - INF - create_comment - ("Error en el componente de creación de comentarios -> 'int' object is not subscriptable",)
14:44:05 - INF - get - ('Servicio de vista de todas las publicaciones ejecutándose',)
14:46:10 - INF - get - ('Servicio de vista de todas las publicaciones ejecutándose',)
14:46:13 - INF - get - ('Servicio de vista de todas las publicaciones ejecutándose',)
14:46:15 - INF - get - ('Servicio de vista de todas las publicaciones ejecutándose',)
14:46:22 - INF - get - ('Servicio de vista de todas las publicaciones ejecutándose',)
14:46:50 - INF - post - ('Servicio de login ejecutandose',)
14:46:50 - INF - get - ('Servicio de vista de todas las publicaciones ejecutándose',)
14:46:50 - INF - get - ('Servicio de vista de todas las publicaciones ejecutándose',)
14:47:39 - INF - post - ('Servicio de login ejecutandose',)
14:47:39 - INF - get - ('Servicio de vista de todas las publicaciones ejecutándose',)
14:47:39 - INF - get - ('Servicio de vista de todas las publicaciones ejecutándose',)
14:47:45 - INF - post - ('Servicio de comentarios ejecutándose',)
14:47:45 - INF - create_comment - ("Error en el componente de creación de comentarios -> 'int' object is not subscriptable",)
14:47:52 - INF - post - ('Servicio de comentarios ejecutándose',)
14:47:52 - INF - create_comment - ("Error en el componente de creación de comentarios -> 'int' object is not subscriptable",)
14:49:52 - INF - get - ('Servicio de vista de todas las publicaciones ejecutándose',)
14:50:02 - INF - post - ('Servicio de login ejecutandose',)
14:50:02 - INF - get - ('Servicio de vista de todas las publicaciones ejecutándose',)
14:50:02 - INF - get - ('Servicio de vista de todas las publicaciones ejecutándose',)
14:50:13 - INF - post - ('Servicio de comentarios ejecutándose',)
14:50:13 - INF - create_comment - ("Error en el componente de creación de comentarios -> 'int' object is not subscriptable",)
14:50:49 - INF - post - ('Servicio de comentarios ejecutándose',)
14:50:49 - INF - create_comment - ("Error en el componente de creación de comentarios -> 'int' object is not subscriptable",)
14:52:39 - INF - get - ('Servicio de vista de todas las publicaciones ejecutándose',)
14:53:01 - INF - get - ('Servicio de vista de todas las publicaciones ejecutándose',)
14:53:02 - INF - get - ('Servicio de vista de todas las publicaciones ejecutándose',)
14:53:14 - INF - get - ('Servicio de vista de todas las publicaciones ejecutándose',)
14:53:18 - INF - get - ('Servicio de vista de todas las publicaciones ejecutándose',)
14:53:23 - INF - get - ('Servicio de vista de todas las publicaciones ejecutándose',)
14:53:54 - INF - get - ('Servicio de vista de todas las publicaciones ejecutándose',)
14:54:17 - INF - post - ('Servicio de login ejecutandose',)
14:54:17 - INF - get - ('Servicio de vista de todas las publicaciones ejecutándose',)
14:54:17 - INF - get - ('Servicio de vista de todas las publicaciones ejecutándose',)
14:54:22 - INF - post - ('Servicio de comentarios ejecutándose',)
14:54:22 - INF - create_comment - ("Error en el componente de creación de comentarios -> 'int' object is not subscriptable",)
14:54:48 - INF - post - ('Servicio de comentarios ejecutándose',)
14:54:48 - INF - create_comment - ("Error en el componente de creación de comentarios -> 'int' object is not subscriptable",)
14:55:26 - INF - get - ('Servicio de vista de todas las publicaciones ejecutándose',)
14:55:26 - INF - get - ('Servicio de vista de todas las publicaciones ejecutándose',)
15:02:33 - INF - get - ('Servicio de vista de todas las publicaciones ejecutándose',)
15:02:33 - INF - get - ('Servicio de vista de todas las publicaciones ejecutándose',)
15:02:35 - INF - get - ('Servicio de vista de todas las publicaciones ejecutándose',)
15:03:29 - INF - post - ('Servicio de login ejecutandose',)
15:03:30 - INF - get - ('Servicio de vista de todas las publicaciones ejecutándose',)
15:03:30 - INF - get - ('Servicio de vista de todas las publicaciones ejecutándose',)
15:05:43 - INF - get - ('Servicio de vista de todas las publicaciones ejecutándose',)
15:05:43 - INF - get - ('Servicio de vista de todas las publicaciones ejecutándose',)
15:07:25 - INF - get - ('Servicio de consulta de usuarios ejecutándose',)
15:07:25 - INF - get - ('Servicio de consulta de usuarios ejecutándose',)
15:07:44 - INF - get - ('Servicio para listar recursos ejecutándose',)
15:07:44 - INF - get - ('Servicio para listar recursos ejecutándose',)
15:07:53 - INF - get - ('Servicio de vista de todas las publicaciones ejecutándose',)
15:07:53 - INF - get - ('Servicio de vista de todas las publicaciones ejecutándose',)
15:08:13 - INF - get - ('Servicio de vista de todas las publicaciones ejecutándose',)
15:08:14 - INF - get - ('Servicio de vista de todas las publicaciones ejecutándose',)
15:08:40 - INF - get - ('Servicio de vista de todas las publicaciones ejecutándose',)
15:08:40 - INF - get - ('Servicio de vista de todas las publicaciones ejecutándose',)
15:08:48 - INF - get - ('Servicio para listar recursos ejecutándose',)
15:08:49 - INF - get - ('Servicio para listar recursos ejecutándose',)
15:08:50 - INF - get - ('Servicio de consulta de usuarios ejecutándose',)
15:08:51 - INF - get - ('Servicio de consulta de usuarios ejecutándose',)
15:08:54 - INF - get - ('Servicio de vista de todas las publicaciones ejecutándose',)
15:08:54 - INF - get - ('Servicio de vista de todas las publicaciones ejecutándose',)
15:08:55 - INF - get - ('Servicio para listar recursos ejecutándose',)
15:08:55 - INF - get - ('Servicio para listar recursos ejecutándose',)
15:08:56 - INF - get - ('Servicio de vista de todas las publicaciones ejecutándose',)
15:08:56 - INF - get - ('Servicio de vista de todas las publicaciones ejecutándose',)
15:09:02 - INF - post - ('Servicio de comentarios ejecutándose',)
15:09:02 - INF - create_comment - ("Error en el componente de creación de comentarios -> 'int' object is not subscriptable",)
15:12:04 - INF - <module> - ('Servicio Finalizado',)
15:12:06 - INF - <module> - ('Servicio Iniciado',)
15:16:51 - INF - <module> - ('Servicio Finalizado',)
15:16:51 - INF - <module> - ('Servicio Finalizado',)
17:44:37 - INF - <module> - ('Servicio Iniciado',)
17:44:38 - INF - <module> - ('Servicio Iniciado',)
17:44:40 - INF - post - ('Servicio de login ejecutandose',)
17:44:40 - INF - get - ('Servicio de vista de todas las publicaciones ejecutándose',)
17:44:40 - INF - get - ('Servicio de vista de todas las publicaciones ejecutándose',)
17:44:50 - INF - get - ('Servicio para listar recursos ejecutándose',)
17:44:50 - INF - get - ('Servicio para listar recursos ejecutándose',)
17:44:52 - INF - get - ('Servicio de consulta de usuarios ejecutándose',)
17:44:52 - INF - get - ('Servicio de consulta de usuarios ejecutándose',)
17:50:37 - INF - post - ('Servicio de login ejecutandose',)
17:50:37 - INF - get - ('Servicio de vista de todas las publicaciones ejecutándose',)
17:50:37 - INF - get - ('Servicio de vista de todas las publicaciones ejecutándose',)
17:51:07 - INF - post - ('Servicio de comentarios ejecutándose',)
17:51:07 - INF - create_comment - ("Error en el componente de creación de comentarios -> 'int' object is not subscriptable",)
17:51:21 - INF - get - ('Servicio de vista de todas las publicaciones ejecutándose',)
17:51:21 - INF - get - ('Servicio de vista de todas las publicaciones ejecutándose',)
17:51:24 - INF - get - ('Servicio para listar recursos ejecutándose',)
17:51:24 - INF - get - ('Servicio para listar recursos ejecutándose',)
17:51:26 - INF - get - ('Servicio de vista de todas las publicaciones ejecutándose',)
17:51:26 - INF - get - ('Servicio de vista de todas las publicaciones ejecutándose',)
17:52:17 - INF - get - ('Servicio de vista de todas las publicaciones ejecutándose',)
17:52:18 - INF - get - ('Servicio de vista de todas las publicaciones ejecutándose',)
17:52:19 - INF - get - ('Servicio de vista de todas las publicaciones ejecutándose',)
17:54:14 - INF - get - ('Servicio de vista de todas las publicaciones ejecutándose',)
17:54:14 - INF - get - ('Servicio de vista de todas las publicaciones ejecutándose',)
17:58:03 - INF - get - ('Servicio de vista de todas las publicaciones ejecutándose',)
17:58:03 - INF - get - ('Servicio de vista de todas las publicaciones ejecutándose',)
18:01:26 - INF - post - ('Servicio de comentarios ejecutándose',)
18:01:27 - INF - create_comment - ("Error en el componente de creación de comentarios -> 'int' object is not subscriptable",)
18:02:07 - INF - get - ('Servicio de vista de todas las publicaciones ejecutándose',)
18:02:07 - INF - get - ('Servicio de vista de todas las publicaciones ejecutándose',)
18:02:11 - INF - get - ('Servicio de consulta de usuarios ejecutándose',)
18:02:11 - INF - get - ('Servicio de consulta de usuarios ejecutándose',)
18:02:14 - INF - get - ('Servicio para listar recursos ejecutándose',)
18:02:14 - INF - get - ('Servicio para listar recursos ejecutándose',)
18:02:17 - INF - get - ('Servicio de vista de todas las publicaciones ejecutándose',)
18:02:17 - INF - get - ('Servicio de vista de todas las publicaciones ejecutándose',)
18:02:19 - INF - get - ('Servicio de vista de todas las publicaciones ejecutándose',)
18:02:19 - INF - get - ('Servicio de vista de todas las publicaciones ejecutándose',)
18:02:23 - INF - get - ('Servicio de consulta de usuarios ejecutándose',)
18:02:23 - INF - get - ('Servicio de consulta de usuarios ejecutándose',)
18:02:24 - INF - get - ('Servicio para listar recursos ejecutándose',)
18:02:24 - INF - get - ('Servicio para listar recursos ejecutándose',)
18:02:26 - INF - get - ('Servicio de vista de todas las publicaciones ejecutándose',)
18:02:26 - INF - get - ('Servicio de vista de todas las publicaciones ejecutándose',)
18:05:44 - INF - <module> - ('Servicio Finalizado',)
18:05:44 - INF - <module> - ('Servicio Finalizado',)
18:09:54 - INF - <module> - ('Servicio Iniciado',)
18:09:54 - INF - <module> - ('Servicio Iniciado',)
18:10:11 - INF - post - ('Servicio de login ejecutandose',)
18:10:11 - INF - get - ('Servicio de vista de todas las publicaciones ejecutándose',)
18:10:11 - INF - get - ('Servicio de vista de todas las publicaciones ejecutándose',)
18:10:13 - INF - get - ('Ejecucion de servicio de consulta de comentarios',)
18:10:13 - INF - get_comments_by_post - ("Error al obtener comentarios -> 'str' object has no attribute 'get'",)
18:10:15 - INF - get - ('Ejecucion de servicio de consulta de comentarios',)
18:10:15 - INF - get_comments_by_post - ("Error al obtener comentarios -> 'str' object has no attribute 'get'",)
18:43:44 - INF - get - ('Servicio para listar recursos ejecutándose',)
18:43:44 - INF - get - ('Servicio para listar recursos ejecutándose',)
18:43:44 - INF - get - ('Servicio de consulta de usuarios ejecutándose',)
18:43:44 - INF - token_validate - ('El token ha expirado.',)
18:43:44 - INF - get - ('Servicio de consulta de usuarios ejecutándose',)
18:43:44 - INF - token_validate - ('El token ha expirado.',)
18:43:45 - INF - get - ('Servicio para listar recursos ejecutándose',)
18:43:45 - INF - get - ('Servicio para listar recursos ejecutándose',)
18:43:50 - INF - get - ('Servicio de consulta de usuarios ejecutándose',)
18:43:50 - INF - token_validate - ('El token ha expirado.',)
18:43:50 - INF - get - ('Servicio de consulta de usuarios ejecutándose',)
18:43:50 - INF - token_validate - ('El token ha expirado.',)
18:43:50 - INF - get - ('Servicio para listar recursos ejecutándose',)
18:43:50 - INF - get - ('Servicio para listar recursos ejecutándose',)
18:43:51 - INF - get - ('Servicio de vista de todas las publicaciones ejecutándose',)
18:43:52 - INF - get - ('Servicio de vista de todas las publicaciones ejecutándose',)
19:15:13 - INF - <module> - ('Servicio Finalizado',)
19:15:13 - INF - <module> - ('Servicio Iniciado',)
19:16:41 - INF - <module> - ('Servicio Finalizado',)
19:16:41 - INF - <module> - ('Servicio Iniciado',)
20:32:08 - INF - post - ('Servicio de login ejecutandose',)
20:32:08 - INF - get - ('Servicio de vista de todas las publicaciones ejecutándose',)
20:32:08 - INF - get - ('Servicio de vista de todas las publicaciones ejecutándose',)
20:32:14 - INF - get - ('Servicio para listar recursos ejecutándose',)
20:32:14 - INF - get - ('Servicio para listar recursos ejecutándose',)
20:32:15 - INF - get - ('Servicio de vista de todas las publicaciones ejecutándose',)
20:32:15 - INF - get - ('Servicio de vista de todas las publicaciones ejecutándose',)
20:32:16 - INF - get - ('Servicio para obtener comentarios ejecutándose',)
20:32:17 - INF - get_comments_by_post - ("Respuesta inesperada de la base de datos: RealDictRow({'comment_id': 2, 'comment_content': 'bss', 'comment_author_id': 1, 'author_name': 'Administrador Sistema', 'comment_created_at': datetime.datetime(2025, 1, 20, 14, 43, 42, 754946)})",)
20:37:16 - INF - <module> - ('Servicio Finalizado',)
20:37:17 - INF - <module> - ('Servicio Iniciado',)
20:37:54 - INF - <module> - ('Servicio Finalizado',)
20:37:55 - INF - <module> - ('Servicio Iniciado',)
20:38:07 - INF - get - ('Servicio para listar recursos ejecutándose',)
20:38:07 - INF - get - ('Servicio para listar recursos ejecutándose',)
20:38:08 - INF - get - ('Servicio de vista de todas las publicaciones ejecutándose',)
20:38:08 - INF - get - ('Servicio de vista de todas las publicaciones ejecutándose',)
20:38:18 - INF - post - ('Servicio de login ejecutandose',)
20:38:18 - INF - get - ('Servicio de vista de todas las publicaciones ejecutándose',)
20:38:18 - INF - get - ('Servicio de vista de todas las publicaciones ejecutándose',)
20:38:24 - INF - get - ('Servicio para obtener comentarios ejecutándose',)
20:38:24 - INF - get_comments_by_post - ("Error al obtener comentarios -> 'str' object has no attribute 'get'",)
20:38:24 - INF - get_comments_by_post - ("Datos devueltos por la base de datos: RealDictRow({'comment_id': 3, 'comment_content': 'jnn', 'comment_author_id': 1, 'author_name': 'Administrador Sistema', 'comment_created_at': datetime.datetime(2025, 1, 20, 14, 47, 45, 287897)})",)
20:39:21 - INF - <module> - ('Servicio Finalizado',)
20:39:22 - INF - <module> - ('Servicio Iniciado',)
20:42:46 - INF - <module> - ('Servicio Finalizado',)
20:42:47 - INF - <module> - ('Servicio Iniciado',)
20:42:51 - INF - <module> - ('Servicio Finalizado',)
20:42:51 - INF - <module> - ('Servicio Finalizado',)
20:42:53 - INF - <module> - ('Servicio Iniciado',)
20:42:54 - INF - <module> - ('Servicio Iniciado',)
20:43:01 - INF - post - ('Servicio de login ejecutandose',)
20:43:01 - INF - get - ('Servicio de vista de todas las publicaciones ejecutándose',)
20:43:01 - INF - get - ('Servicio de vista de todas las publicaciones ejecutándose',)
20:43:13 - INF - get - ('Servicio para obtener comentarios ejecutándose',)
20:43:18 - INF - get - ('Servicio para obtener comentarios ejecutándose',)
20:43:23 - INF - get - ('Servicio para obtener comentarios ejecutándose',)
20:43:26 - INF - get - ('Servicio para obtener comentarios ejecutándose',)
20:43:26 - INF - get_comments_by_post - ("Error al obtener comentarios -> 'NoneType' object is not iterable",)
20:43:28 - INF - get - ('Servicio para obtener comentarios ejecutándose',)
20:43:28 - INF - get_comments_by_post - ("Error al obtener comentarios -> 'NoneType' object is not iterable",)
20:43:29 - INF - get - ('Servicio para obtener comentarios ejecutándose',)
20:43:29 - INF - get_comments_by_post - ("Error al obtener comentarios -> 'NoneType' object is not iterable",)
20:45:10 - INF - post - ('Servicio de comentarios ejecutándose',)
20:45:10 - INF - create_comment - ("Error en el componente de creación de comentarios -> 'int' object is not subscriptable",)
20:45:20 - INF - post - ('Servicio de comentarios ejecutándose',)
20:45:21 - INF - create_comment - ("Error en el componente de creación de comentarios -> 'int' object is not subscriptable",)
20:45:23 - INF - get - ('Servicio para obtener comentarios ejecutándose',)
20:45:23 - INF - get - ('Servicio para obtener comentarios ejecutándose',)
20:45:24 - INF - get - ('Servicio para obtener comentarios ejecutándose',)
20:45:25 - INF - get - ('Servicio para obtener comentarios ejecutándose',)
20:45:28 - INF - get - ('Servicio para obtener comentarios ejecutándose',)
20:45:28 - INF - get - ('Servicio para obtener comentarios ejecutándose',)
20:45:30 - INF - get - ('Servicio de vista de todas las publicaciones ejecutándose',)
20:45:30 - INF - get - ('Servicio de vista de todas las publicaciones ejecutándose',)
20:45:32 - INF - get - ('Servicio para obtener comentarios ejecutándose',)
20:45:51 - INF - post - ('Servicio de login ejecutandose',)
20:45:51 - INF - get - ('Servicio de vista de todas las publicaciones ejecutándose',)
20:45:51 - INF - get - ('Servicio de vista de todas las publicaciones ejecutándose',)
20:45:53 - INF - get - ('Servicio para obtener comentarios ejecutándose',)
20:59:37 - INF - <module> - ('Servicio Finalizado',)
20:59:37 - INF - <module> - ('Servicio Iniciado',)
20:59:59 - INF - <module> - ('Servicio Finalizado',)
21:00:00 - INF - <module> - ('Servicio Iniciado',)
21:00:07 - INF - post - ('Servicio de login ejecutandose',)
21:00:07 - INF - get - ('Servicio de vista de todas las publicaciones ejecutándose',)
21:00:07 - INF - get - ('Servicio de vista de todas las publicaciones ejecutándose',)
21:00:09 - INF - get - ('Servicio para obtener comentarios ejecutándose',)
21:00:09 - INF - get_comments_by_post - ("Error al obtener comentarios -> 'str' object has no attribute 'get'",)
21:00:12 - INF - get - ('Servicio para obtener comentarios ejecutándose',)
21:00:12 - INF - get_comments_by_post - ("Error al obtener comentarios -> 'str' object has no attribute 'get'",)
21:00:14 - INF - get - ('Servicio para obtener comentarios ejecutándose',)
21:00:14 - INF - get_comments_by_post - ("Error al obtener comentarios -> 'str' object has no attribute 'get'",)
21:00:16 - INF - get - ('Servicio para obtener comentarios ejecutándose',)
21:00:16 - INF - get_comments_by_post - ("Error al obtener comentarios -> 'str' object has no attribute 'get'",)
21:00:56 - INF - post - ('Servicio de comentarios ejecutándose',)
21:00:56 - INF - get - ('Servicio para obtener comentarios ejecutándose',)
21:00:56 - INF - get_comments_by_post - ("Error al obtener comentarios -> 'str' object has no attribute 'get'",)
21:01:18 - INF - post - ('Servicio de comentarios ejecutándose',)
21:01:18 - INF - get - ('Servicio para obtener comentarios ejecutándose',)
21:01:18 - INF - get_comments_by_post - ("Error al obtener comentarios -> 'str' object has no attribute 'get'",)
21:01:21 - INF - get - ('Servicio para obtener comentarios ejecutándose',)
21:01:21 - INF - get_comments_by_post - ("Error al obtener comentarios -> 'str' object has no attribute 'get'",)
21:04:37 - INF - <module> - ('Servicio Finalizado',)
21:04:38 - INF - <module> - ('Servicio Iniciado',)
21:06:36 - INF - post - ('Servicio de login ejecutandose',)
21:06:36 - INF - get - ('Servicio de vista de todas las publicaciones ejecutándose',)
21:06:36 - INF - get - ('Servicio de vista de todas las publicaciones ejecutándose',)
21:06:38 - INF - get - ('Servicio para obtener comentarios ejecutándose',)
21:06:38 - INF - get_comments_by_post - ("Datos devueltos por la base de datos: {'result': True, 'data': RealDictRow({'comment_id': 2, 'comment_content': 'bss', 'comment_author_id': 1, 'author_name': 'Administrador Sistema', 'comment_created_at': datetime.datetime(2025, 1, 20, 14, 43, 42, 754946)}), 'message': None}",)
21:06:39 - INF - get - ('Servicio para obtener comentarios ejecutándose',)
21:06:40 - INF - get_comments_by_post - ("Datos devueltos por la base de datos: {'result': True, 'data': RealDictRow({'comment_id': 2, 'comment_content': 'bss', 'comment_author_id': 1, 'author_name': 'Administrador Sistema', 'comment_created_at': datetime.datetime(2025, 1, 20, 14, 43, 42, 754946)}), 'message': None}",)
21:06:41 - INF - get - ('Servicio para obtener comentarios ejecutándose',)
21:06:41 - INF - get_comments_by_post - ("Datos devueltos por la base de datos: {'result': True, 'data': RealDictRow({'comment_id': 1, 'comment_content': 'ssbuis', 'comment_author_id': 1, 'author_name': 'Administrador Sistema', 'comment_created_at': datetime.datetime(2025, 1, 20, 14, 43, 36, 146054)}), 'message': None}",)
21:06:47 - INF - get - ('Servicio para obtener comentarios ejecutándose',)
21:06:47 - INF - get_comments_by_post - ("Datos devueltos por la base de datos: {'result': True, 'data': RealDictRow({'comment_id': 3, 'comment_content': 'jnn', 'comment_author_id': 1, 'author_name': 'Administrador Sistema', 'comment_created_at': datetime.datetime(2025, 1, 20, 14, 47, 45, 287897)}), 'message': None}",)
21:11:44 - INF - <module> - ('Servicio Finalizado',)
21:11:45 - INF - <module> - ('Servicio Iniciado',)
21:11:55 - INF - post - ('Servicio de login ejecutandose',)
21:11:55 - INF - get - ('Servicio de vista de todas las publicaciones ejecutándose',)
21:11:55 - INF - get - ('Servicio de vista de todas las publicaciones ejecutándose',)
21:11:59 - INF - get - ('Servicio para obtener comentarios ejecutándose',)
21:12:05 - INF - get - ('Servicio para obtener comentarios ejecutándose',)
21:12:06 - INF - get - ('Servicio para obtener comentarios ejecutándose',)
21:12:08 - INF - get - ('Servicio para obtener comentarios ejecutándose',)
21:12:10 - INF - get - ('Servicio para obtener comentarios ejecutándose',)
21:12:11 - INF - get - ('Servicio para obtener comentarios ejecutándose',)
21:12:13 - INF - get - ('Servicio para obtener comentarios ejecutándose',)
21:12:16 - INF - get - ('Servicio para obtener comentarios ejecutándose',)
21:12:21 - INF - get - ('Servicio para obtener comentarios ejecutándose',)
21:12:29 - INF - get - ('Servicio para obtener comentarios ejecutándose',)
21:24:45 - INF - post - ('Servicio de login ejecutandose',)
21:24:45 - INF - get - ('Servicio de vista de todas las publicaciones ejecutándose',)
21:24:46 - INF - get - ('Servicio de vista de todas las publicaciones ejecutándose',)
21:28:42 - INF - get - ('Servicio de vista de todas las publicaciones ejecutándose',)
21:28:42 - INF - get - ('Servicio de vista de todas las publicaciones ejecutándose',)
21:33:40 - INF - post - ('Servicio de login ejecutandose',)
21:33:40 - INF - get - ('Servicio de vista de todas las publicaciones ejecutándose',)
21:33:40 - INF - get - ('Servicio de vista de todas las publicaciones ejecutándose',)
21:33:44 - INF - get - ('Servicio para obtener comentarios ejecutándose',)
21:33:57 - INF - get - ('Servicio para obtener comentarios ejecutándose',)
21:34:03 - INF - get - ('Servicio para obtener comentarios ejecutándose',)
21:38:12 - INF - get - ('Servicio de vista de todas las publicaciones ejecutándose',)
21:38:12 - INF - get - ('Servicio de vista de todas las publicaciones ejecutándose',)
21:38:22 - INF - post - ('Servicio de login ejecutandose',)
21:38:22 - INF - get - ('Servicio de vista de todas las publicaciones ejecutándose',)
21:38:22 - INF - get - ('Servicio de vista de todas las publicaciones ejecutándose',)
21:38:26 - INF - get - ('Servicio para obtener comentarios ejecutándose',)
21:41:24 - INF - get - ('Servicio de vista de todas las publicaciones ejecutándose',)
21:41:24 - INF - get - ('Servicio de vista de todas las publicaciones ejecutándose',)
21:41:24 - INF - get - ('Servicio de vista de todas las publicaciones ejecutándose',)
21:41:24 - INF - get - ('Servicio de vista de todas las publicaciones ejecutándose',)
21:41:24 - INF - get - ('Servicio de vista de todas las publicaciones ejecutándose',)
21:41:24 - INF - get - ('Servicio de vista de todas las publicaciones ejecutándose',)
21:41:53 - INF - get - ('Servicio para obtener comentarios ejecutándose',)
21:41:55 - INF - get - ('Servicio para obtener comentarios ejecutándose',)
21:41:57 - INF - get - ('Servicio para obtener comentarios ejecutándose',)
21:41:59 - INF - get - ('Servicio para obtener comentarios ejecutándose',)
21:42:05 - INF - get - ('Servicio para obtener comentarios ejecutándose',)
21:42:06 - INF - get - ('Servicio para obtener comentarios ejecutándose',)
21:42:07 - INF - get - ('Servicio para obtener comentarios ejecutándose',)
21:42:07 - INF - get - ('Servicio para obtener comentarios ejecutándose',)
21:42:08 - INF - get - ('Servicio para obtener comentarios ejecutándose',)
21:42:10 - INF - get - ('Servicio para obtener comentarios ejecutándose',)
21:42:13 - INF - get - ('Servicio para obtener comentarios ejecutándose',)
21:44:17 - INF - get - ('Servicio de vista de todas las publicaciones ejecutándose',)
21:44:17 - INF - get - ('Servicio de vista de todas las publicaciones ejecutándose',)
21:44:20 - INF - get - ('Servicio de consulta de usuarios ejecutándose',)
21:44:20 - INF - get - ('Servicio de consulta de usuarios ejecutándose',)
21:44:22 - INF - get - ('Servicio para listar recursos ejecutándose',)
21:44:22 - INF - get - ('Servicio para listar recursos ejecutándose',)
21:44:23 - INF - get - ('Servicio de consulta de usuarios ejecutándose',)
21:44:23 - INF - get - ('Servicio de consulta de usuarios ejecutándose',)
21:44:25 - INF - get - ('Servicio de consulta de usuarios ejecutándose',)
21:44:26 - INF - get - ('Servicio de consulta de usuarios ejecutándose',)
21:44:27 - INF - get - ('Servicio de vista de todas las publicaciones ejecutándose',)
21:44:27 - INF - get - ('Servicio de vista de todas las publicaciones ejecutándose',)
21:52:56 - INF - <module> - ('Servicio Finalizado',)
21:52:56 - INF - <module> - ('Servicio Finalizado',)
21:52:58 - INF - <module> - ('Servicio Iniciado',)
21:52:59 - INF - <module> - ('Servicio Iniciado',)
21:54:35 - INF - get - ('Servicio para listar recursos ejecutándose',)
22:00:16 - INF - post - ('Servicio de login ejecutandose',)
22:00:54 - INF - get - ('Servicio de vista de todas las publicaciones ejecutándose',)
22:01:13 - INF - get - ('Servicio de visualización de conversación ejecutándose',)
22:01:13 - INF - get - ('Faltan parámetros obligatorios en el query',)
22:01:52 - INF - get - ('Servicio para listar recursos ejecutándose',)
22:07:16 - INF - get - ('Servicio para obtener comentarios ejecutándose',)
22:07:35 - INF - get - ('Servicio de vista de todas las publicaciones ejecutándose',)
22:07:36 - INF - get - ('Servicio de vista de todas las publicaciones ejecutándose',)
22:07:36 - INF - get - ('Servicio de vista de todas las publicaciones ejecutándose',)
22:07:36 - INF - get - ('Servicio de vista de todas las publicaciones ejecutándose',)
22:07:36 - INF - get - ('Servicio de vista de todas las publicaciones ejecutándose',)
22:07:36 - INF - get - ('Servicio de vista de todas las publicaciones ejecutándose',)
22:28:52 - INF - <module> - ('Servicio Finalizado',)
22:28:54 - INF - <module> - ('Servicio Iniciado',)
22:28:54 - INF - get - ('Servicio de vista de todas las publicaciones ejecutándose',)
22:28:54 - INF - get - ('Servicio de vista de todas las publicaciones ejecutándose',)
22:28:54 - INF - get - ('Servicio de vista de todas las publicaciones ejecutándose',)
22:39:47 - INF - get - ('Servicio de vista de todas las publicaciones ejecutándose',)
22:39:47 - INF - get - ('Servicio de vista de todas las publicaciones ejecutándose',)
22:39:51 - INF - get - ('Servicio para obtener comentarios ejecutándose',)
22:39:53 - INF - get - ('Servicio de vista de todas las publicaciones ejecutándose',)
22:39:53 - INF - get - ('Servicio de vista de todas las publicaciones ejecutándose',)
22:39:54 - INF - get - ('Servicio de vista de todas las publicaciones ejecutándose',)
22:39:54 - INF - get - ('Servicio de vista de todas las publicaciones ejecutándose',)
22:39:54 - INF - get - ('Servicio de vista de todas las publicaciones ejecutándose',)
22:39:56 - INF - get - ('Servicio de consulta de usuarios ejecutándose',)
22:39:56 - INF - token_validate - ('El token ha expirado.',)
22:39:56 - INF - get - ('Servicio de consulta de usuarios ejecutándose',)
22:39:56 - INF - token_validate - ('El token ha expirado.',)
22:41:28 - INF - post - ('Servicio de login ejecutandose',)
22:41:28 - INF - get - ('Servicio de vista de todas las publicaciones ejecutándose',)
22:41:28 - INF - get - ('Servicio de vista de todas las publicaciones ejecutándose',)
22:41:37 - INF - get - ('Servicio para listar recursos ejecutándose',)
22:41:37 - INF - get - ('Servicio para listar recursos ejecutándose',)
22:41:38 - INF - get - ('Servicio de consulta de usuarios ejecutándose',)
22:41:38 - INF - get - ('Servicio de consulta de usuarios ejecutándose',)
22:41:42 - INF - get - ('Servicio de consulta de usuarios ejecutándose',)
22:41:42 - INF - get - ('Servicio de consulta de usuarios ejecutándose',)
22:41:43 - INF - get - ('Servicio de visualización de conversación ejecutándose',)
22:41:43 - INF - get - ('Servicio de visualización de conversación ejecutándose',)
22:41:45 - INF - get - ('Servicio de consulta de usuarios ejecutándose',)
22:41:45 - INF - get - ('Servicio de consulta de usuarios ejecutándose',)
22:41:46 - INF - get - ('Servicio para listar recursos ejecutándose',)
22:41:46 - INF - get - ('Servicio para listar recursos ejecutándose',)
22:41:47 - INF - get - ('Servicio de vista de todas las publicaciones ejecutándose',)
22:41:47 - INF - get - ('Servicio de vista de todas las publicaciones ejecutándose',)
22:41:53 - INF - get - ('Servicio para obtener comentarios ejecutándose',)
22:41:58 - INF - get - ('Servicio para obtener comentarios ejecutándose',)
22:42:10 - INF - get - ('Servicio de consulta de usuarios ejecutándose',)
22:42:10 - INF - get - ('Servicio de consulta de usuarios ejecutándose',)
22:51:11 - INF - post - ('Servicio de login ejecutandose',)
22:51:15 - INF - post - ('Servicio de login ejecutandose',)
22:51:15 - INF - get - ('Servicio de vista de todas las publicaciones ejecutándose',)
22:51:15 - INF - get - ('Servicio de vista de todas las publicaciones ejecutándose',)
22:51:21 - INF - get - ('Servicio para listar recursos ejecutándose',)
22:51:21 - INF - get - ('Servicio para listar recursos ejecutándose',)
22:51:23 - INF - get - ('Servicio de consulta de usuarios ejecutándose',)
22:51:23 - INF - get - ('Servicio de consulta de usuarios ejecutándose',)
22:51:26 - INF - get - ('Servicio de visualización de conversación ejecutándose',)
22:51:26 - INF - get - ('Servicio de visualización de conversación ejecutándose',)
22:51:28 - INF - get - ('Servicio para listar recursos ejecutándose',)
22:51:28 - INF - get - ('Servicio para listar recursos ejecutándose',)
22:51:30 - INF - get - ('Servicio de vista de todas las publicaciones ejecutándose',)
22:51:30 - INF - get - ('Servicio de vista de todas las publicaciones ejecutándose',)
22:53:10 - INF - get - ('Servicio para obtener comentarios ejecutándose',)
22:53:12 - INF - get - ('Servicio de vista de todas las publicaciones ejecutándose',)
22:53:13 - INF - get - ('Servicio de vista de todas las publicaciones ejecutándose',)
22:54:24 - INF - get - ('Servicio de consulta de usuarios ejecutándose',)
22:54:24 - INF - get - ('Servicio de consulta de usuarios ejecutándose',)
22:56:14 - INF - get - ('Servicio de vista de todas las publicaciones ejecutándose',)
22:56:14 - INF - get - ('Servicio de vista de todas las publicaciones ejecutándose',)
22:57:17 - INF - get - ('Servicio para listar recursos ejecutándose',)
22:57:18 - INF - get - ('Servicio para listar recursos ejecutándose',)
22:57:22 - INF - get - ('Servicio de consulta de usuarios ejecutándose',)
22:57:22 - INF - get - ('Servicio de consulta de usuarios ejecutándose',)
22:57:28 - INF - get - ('Servicio para listar recursos ejecutándose',)
22:57:28 - INF - get - ('Servicio para listar recursos ejecutándose',)
22:57:51 - INF - get - ('Servicio de vista de todas las publicaciones ejecutándose',)
22:57:51 - INF - get - ('Servicio de vista de todas las publicaciones ejecutándose',)
22:57:51 - INF - get - ('Servicio de vista de todas las publicaciones ejecutándose',)
22:57:51 - INF - get - ('Servicio de vista de todas las publicaciones ejecutándose',)
22:57:51 - INF - get - ('Servicio de vista de todas las publicaciones ejecutándose',)
22:57:51 - INF - get - ('Servicio de vista de todas las publicaciones ejecutándose',)
22:57:54 - INF - get - ('Servicio de vista de todas las publicaciones ejecutándose',)
22:57:54 - INF - get - ('Servicio de vista de todas las publicaciones ejecutándose',)
22:57:54 - INF - get - ('Servicio de vista de todas las publicaciones ejecutándose',)
22:57:54 - INF - get - ('Servicio de vista de todas las publicaciones ejecutándose',)
22:57:54 - INF - get - ('Servicio de vista de todas las publicaciones ejecutándose',)
22:57:54 - INF - get - ('Servicio de vista de todas las publicaciones ejecutándose',)
22:58:03 - INF - get - ('Servicio de vista de todas las publicaciones ejecutándose',)
22:58:03 - INF - get - ('Servicio de vista de todas las publicaciones ejecutándose',)
22:58:05 - INF - get - ('Servicio para listar recursos ejecutándose',)
22:58:05 - INF - get - ('Servicio para listar recursos ejecutándose',)
22:58:07 - INF - get - ('Servicio de consulta de usuarios ejecutándose',)
22:58:07 - INF - get - ('Servicio de consulta de usuarios ejecutándose',)
22:58:08 - INF - get - ('Servicio de vista de todas las publicaciones ejecutándose',)
22:58:08 - INF - get - ('Servicio de vista de todas las publicaciones ejecutándose',)
23:00:10 - INF - get - ('Servicio de vista de todas las publicaciones ejecutándose',)
23:00:10 - INF - get - ('Servicio de vista de todas las publicaciones ejecutándose',)
23:00:38 - INF - get - ('Servicio para listar recursos ejecutándose',)
23:00:38 - INF - get - ('Servicio para listar recursos ejecutándose',)
23:00:39 - INF - get - ('Servicio de consulta de usuarios ejecutándose',)
23:00:39 - INF - get - ('Servicio de consulta de usuarios ejecutándose',)
23:00:41 - INF - get - ('Servicio de consulta de usuarios ejecutándose',)
23:00:41 - INF - get - ('Servicio de consulta de usuarios ejecutándose',)
23:00:43 - INF - get - ('Servicio de visualización de conversación ejecutándose',)
23:00:43 - INF - get - ('Servicio de visualización de conversación ejecutándose',)
23:00:47 - INF - post - ('Servicio de envío de mensajes ejecutándose',)
23:00:47 - INF - post - ("Error en la validación del request -> {'sender_id': ['El sender_id es obligatorio']}",)
23:00:48 - INF - post - ('Servicio de envío de mensajes ejecutándose',)
23:00:48 - INF - post - ("Error en la validación del request -> {'sender_id': ['El sender_id es obligatorio']}",)
23:00:48 - INF - post - ('Servicio de envío de mensajes ejecutándose',)
23:00:48 - INF - post - ("Error en la validación del request -> {'sender_id': ['El sender_id es obligatorio']}",)
23:00:48 - INF - post - ('Servicio de envío de mensajes ejecutándose',)
23:00:48 - INF - post - ("Error en la validación del request -> {'sender_id': ['El sender_id es obligatorio']}",)
23:00:48 - INF - post - ('Servicio de envío de mensajes ejecutándose',)
23:00:48 - INF - post - ("Error en la validación del request -> {'sender_id': ['El sender_id es obligatorio']}",)
23:00:49 - INF - get - ('Servicio de consulta de usuarios ejecutándose',)
23:00:49 - INF - get - ('Servicio de consulta de usuarios ejecutándose',)
23:00:50 - INF - get - ('Servicio para listar recursos ejecutándose',)
23:00:50 - INF - get - ('Servicio para listar recursos ejecutándose',)
23:00:52 - INF - get - ('Servicio de vista de todas las publicaciones ejecutándose',)
23:00:52 - INF - get - ('Servicio de vista de todas las publicaciones ejecutándose',)
23:00:53 - INF - get - ('Servicio para listar recursos ejecutándose',)
23:00:53 - INF - get - ('Servicio para listar recursos ejecutándose',)
23:01:08 - INF - get - ('Servicio de vista de todas las publicaciones ejecutándose',)
23:01:08 - INF - get - ('Servicio de vista de todas las publicaciones ejecutándose',)
23:01:11 - INF - get - ('Servicio de vista de todas las publicaciones ejecutándose',)
23:01:11 - INF - get - ('Servicio de vista de todas las publicaciones ejecutándose',)
23:41:48 - INF - <module> - ('Servicio Finalizado',)
23:41:48 - INF - <module> - ('Servicio Finalizado',)
